metric,first_method,second_method,raw_p,wins,ties,losses,rank_biserial,holm_adjusted_p,significant_0.05
MSM,FLADSVR,FuzzyNW,0.3125,5,0,3,0.4444444444444444,1.0,False
MSM,FLADSVR,ComponentRBF_SVR,0.4609375,5,0,3,0.3333333333333333,1.0,False
MSM,FLADTSVR,FuzzyNW,0.7421875,5,0,3,0.16666666666666666,1.0,False
MSM,FLADSVR,FLADTSVR,1.0,4,0,4,0.0,1.0,False
MSM,FLADSVR,HaoChiangFSVR,0.0546875,6,0,2,0.7777777777777778,0.328125,False
MSM,FLADTSVR,HaoChiangFSVR,0.25,5,0,3,0.5,1.0,False
RMSE,FLADSVR,FuzzyNW,0.9453125,4,0,4,0.05555555555555555,1.0,False
RMSE,FLADSVR,ComponentRBF_SVR,0.1953125,6,0,2,0.5555555555555556,0.59375,False
RMSE,FLADTSVR,FuzzyNW,0.84375,3,0,5,-0.1111111111111111,1.0,False
RMSE,FLADSVR,FLADTSVR,0.1484375,6,0,2,0.6111111111111112,0.59375,False
RMSE,FLADSVR,HaoChiangFSVR,0.0078125,8,0,0,1.0,0.046875,True
RMSE,FLADTSVR,HaoChiangFSVR,0.0390625,7,0,1,0.8333333333333334,0.1953125,False
