metric,first_method,second_method,average_rank_difference,critical_difference_0.05,p_value,significant_0.05
MSM,FLADSVR,FLADTSVR,0.375,4.247219188075149,0.9999990831648762,False
MSM,FLADSVR,HaoChiangFSVR,2.5,4.247219188075149,0.6649813156739408,False
MSM,FLADSVR,FuzzyNW,0.375,4.247219188075149,0.9999990831648762,False
MSM,FLADSVR,ComponentRBF_SVR,1.25,4.247219188075149,0.992329113585533,False
MSM,FLADSVR,ComponentLAD,2.0,4.247219188075149,0.8737076840505396,False
MSM,FLADSVR,ComponentRidge,1.75,4.247219188075149,0.9378899203192478,False
MSM,FLADSVR,FuzzyMean,4.125,4.247219188075149,0.06485514495730149,False
MSM,FLADSVR,FuzzyMedian,3.375,4.247219188075149,0.24931018353704304,False
MSM,FLADTSVR,HaoChiangFSVR,2.125,4.247219188075149,0.8306844283775787,False
MSM,FLADTSVR,FuzzyNW,0.0,4.247219188075149,1.0,False
MSM,FLADTSVR,ComponentRBF_SVR,0.875,4.247219188075149,0.9993834102496267,False
MSM,FLADTSVR,ComponentLAD,1.625,4.247219188075149,0.9594899790352271,False
MSM,FLADTSVR,ComponentRidge,1.375,4.247219188075149,0.9856209350690778,False
MSM,FLADTSVR,FuzzyMean,3.75,4.247219188075149,0.13437541258881458,False
MSM,FLADTSVR,FuzzyMedian,3.0,4.247219188075149,0.41152854456247046,False
MSM,HaoChiangFSVR,FuzzyNW,2.125,4.247219188075149,0.8306844283775787,False
MSM,HaoChiangFSVR,ComponentRBF_SVR,1.25,4.247219188075149,0.992329113585533,False
MSM,HaoChiangFSVR,ComponentLAD,0.5,4.247219188075149,0.999991264287601,False
MSM,HaoChiangFSVR,ComponentRidge,0.75,4.247219188075149,0.999804170247126,False
MSM,HaoChiangFSVR,FuzzyMean,1.625,4.247219188075149,0.9594899790352271,False
MSM,HaoChiangFSVR,FuzzyMedian,0.875,4.247219188075149,0.9993834102496267,False
MSM,FuzzyNW,ComponentRBF_SVR,0.875,4.247219188075149,0.9993834102496267,False
MSM,FuzzyNW,ComponentLAD,1.625,4.247219188075149,0.9594899790352271,False
MSM,FuzzyNW,ComponentRidge,1.375,4.247219188075149,0.9856209350690778,False
MSM,FuzzyNW,FuzzyMean,3.75,4.247219188075149,0.13437541258881458,False
MSM,FuzzyNW,FuzzyMedian,3.0,4.247219188075149,0.41152854456247046,False
MSM,ComponentRBF_SVR,ComponentLAD,0.75,4.247219188075149,0.999804170247126,False
MSM,ComponentRBF_SVR,ComponentRidge,0.5,4.247219188075149,0.999991264287601,False
MSM,ComponentRBF_SVR,FuzzyMean,2.875,4.247219188075149,0.4734835769683521,False
MSM,ComponentRBF_SVR,FuzzyMedian,2.125,4.247219188075149,0.8306844283775787,False
MSM,ComponentLAD,ComponentRidge,0.25,4.247219188075149,0.9999999629955576,False
MSM,ComponentLAD,FuzzyMean,2.125,4.247219188075149,0.8306844283775787,False
MSM,ComponentLAD,FuzzyMedian,1.375,4.247219188075149,0.9856209350690778,False
MSM,ComponentRidge,FuzzyMean,2.375,4.247219188075149,0.7251870292935083,False
MSM,ComponentRidge,FuzzyMedian,1.625,4.247219188075149,0.9594899790352271,False
MSM,FuzzyMean,FuzzyMedian,0.75,4.247219188075149,0.999804170247126,False
RMSE,FLADSVR,FLADTSVR,1.75,4.247219188075149,0.9378899203192478,False
RMSE,FLADSVR,HaoChiangFSVR,4.0,4.247219188075149,0.08366547603084629,False
RMSE,FLADSVR,FuzzyNW,0.625,4.247219188075149,0.9999509846235397,False
RMSE,FLADSVR,ComponentRBF_SVR,0.375,4.247219188075149,0.9999990831648762,False
RMSE,FLADSVR,ComponentLAD,2.125,4.247219188075149,0.8306844283775787,False
RMSE,FLADSVR,ComponentRidge,0.75,4.247219188075149,0.999804170247126,False
RMSE,FLADSVR,FuzzyMean,4.25,4.247219188075149,0.04969866482340646,True
RMSE,FLADSVR,FuzzyMedian,5.25,4.247219188075149,0.004011430267724658,True
RMSE,FLADTSVR,HaoChiangFSVR,2.25,4.247219188075149,0.7808624810101998,False
RMSE,FLADTSVR,FuzzyNW,1.125,4.247219188075149,0.9962667242557525,False
RMSE,FLADTSVR,ComponentRBF_SVR,1.375,4.247219188075149,0.9856209350690778,False
RMSE,FLADTSVR,ComponentLAD,0.375,4.247219188075149,0.9999990831648762,False
RMSE,FLADTSVR,ComponentRidge,1.0,4.247219188075149,0.9983742821087406,False
RMSE,FLADTSVR,FuzzyMean,2.5,4.247219188075149,0.6649813156739408,False
RMSE,FLADTSVR,FuzzyMedian,3.5,4.247219188075149,0.20548395411067377,False
RMSE,HaoChiangFSVR,FuzzyNW,3.375,4.247219188075149,0.24931018353704304,False
RMSE,HaoChiangFSVR,ComponentRBF_SVR,3.625,4.247219188075149,0.16721251976673124,False
RMSE,HaoChiangFSVR,ComponentLAD,1.875,4.247219188075149,0.9094443649449845,False
RMSE,HaoChiangFSVR,ComponentRidge,3.25,4.247219188075149,0.2985759023218081,False
RMSE,HaoChiangFSVR,FuzzyMean,0.25,4.247219188075149,0.9999999629955576,False
RMSE,HaoChiangFSVR,FuzzyMedian,1.25,4.247219188075149,0.992329113585533,False
RMSE,FuzzyNW,ComponentRBF_SVR,0.25,4.247219188075149,0.9999999629955576,False
RMSE,FuzzyNW,ComponentLAD,1.5,4.247219188075149,0.9750525967565633,False
RMSE,FuzzyNW,ComponentRidge,0.125,4.247219188075149,0.9999999998524808,False
RMSE,FuzzyNW,FuzzyMean,3.625,4.247219188075149,0.16721251976673124,False
RMSE,FuzzyNW,FuzzyMedian,4.625,4.247219188075149,0.02092132576708683,True
RMSE,ComponentRBF_SVR,ComponentLAD,1.75,4.247219188075149,0.9378899203192478,False
RMSE,ComponentRBF_SVR,ComponentRidge,0.375,4.247219188075149,0.9999990831648762,False
RMSE,ComponentRBF_SVR,FuzzyMean,3.875,4.247219188075149,0.10666985687471608,False
RMSE,ComponentRBF_SVR,FuzzyMedian,4.875,4.247219188075149,0.011140562226878425,True
RMSE,ComponentLAD,ComponentRidge,1.375,4.247219188075149,0.9856209350690778,False
RMSE,ComponentLAD,FuzzyMean,2.125,4.247219188075149,0.8306844283775787,False
RMSE,ComponentLAD,FuzzyMedian,3.125,4.247219188075149,0.3528845338604213,False
RMSE,ComponentRidge,FuzzyMean,3.5,4.247219188075149,0.20548395411067377,False
RMSE,ComponentRidge,FuzzyMedian,4.5,4.247219188075149,0.028220735363825522,True
RMSE,FuzzyMean,FuzzyMedian,1.0,4.247219188075149,0.9983742821087406,False
