dataset,method,msm,rmse,mae,runtime_seconds,failure_or_convergence_count,status,dataset_type,sample_size,feature_dimension
Example 1,HaoChiangFSVR,0.409410416932922,6.980108887758929,,0.3193758120032726,0,SUCCESS,NATIVE_FUZZY,30,1
Example 2,HaoChiangFSVR,0.308939959059433,1.249427790353395,,0.3136122029973194,0,SUCCESS,NATIVE_FUZZY,30,5
Example 3,HaoChiangFSVR,0.0066684236419892965,2.1357107277064595,,0.2891144629975315,0,SUCCESS,NATIVE_FUZZY,8,1
Example 4,HaoChiangFSVR,0.2741677160897705,6.8217034786265405,,4.106124009995256,0,SUCCESS,NATIVE_FUZZY,184,1
Example 5,HaoChiangFSVR,0.1107699613416791,1.6323271560696508,,0.3047606710024411,0,SUCCESS,NATIVE_FUZZY,25,18
Diabetes,HaoChiangFSVR,0.08527617633566273,74.00531989036959,,8.937934868008597,0,SUCCESS,SYNTHETICALLY_FUZZIFIED,442,10
EnergyEfficiency,HaoChiangFSVR,0.24579095423620215,5.357746091385615,,50.84564955509268,0,SUCCESS,SYNTHETICALLY_FUZZIFIED,768,8
ConcreteStrength,HaoChiangFSVR,0.16773288748203674,13.601887108053601,,88.09502233890817,0,SUCCESS,SYNTHETICALLY_FUZZIFIED,1030,8
ConcreteStrength,FLADSVR,0.3397234913565276,6.536601800571124,,1984.6236205459572,0,SUCCESS,SYNTHETICALLY_FUZZIFIED,1030,8
ConcreteStrength,FLADTSVR,0.33206077812159973,6.437949096524658,,3100.497347209952,0,SUCCESS,SYNTHETICALLY_FUZZIFIED,1030,8
ConcreteStrength,FuzzyNW,0.23120113477291884,9.14548670670877,,0.8487514079315588,0,SUCCESS,SYNTHETICALLY_FUZZIFIED,1030,8
ConcreteStrength,ComponentRBF_SVR,0.22514632110760377,6.678633483209149,,2.6551098490599543,0,SUCCESS,SYNTHETICALLY_FUZZIFIED,1030,8
ConcreteStrength,ComponentLAD,0.14104535430993206,11.315489699793696,,0.7311613480560482,0,SUCCESS,SYNTHETICALLY_FUZZIFIED,1030,8
ConcreteStrength,ComponentRidge,0.12016121314715429,10.64649111232639,,1.2792291149962693,0,SUCCESS,SYNTHETICALLY_FUZZIFIED,1030,8
ConcreteStrength,FuzzyMean,0.07892610104835938,16.877889491321998,,0.17944774497300386,0,SUCCESS,SYNTHETICALLY_FUZZIFIED,1030,8
ConcreteStrength,FuzzyMedian,0.08062886687104447,16.942312316349078,,0.17078317201230675,0,SUCCESS,SYNTHETICALLY_FUZZIFIED,1030,8
Diabetes,FLADSVR,0.0797686333311076,63.56822554958216,,1.6486790060298515,0,SUCCESS,SYNTHETICALLY_FUZZIFIED,442,10
Diabetes,FLADTSVR,0.0823962598977817,66.91805756618804,,4.988955229986459,0,SUCCESS,SYNTHETICALLY_FUZZIFIED,442,10
Diabetes,FuzzyNW,0.0735760123131961,59.9261128797257,,0.3246167069883086,0,SUCCESS,SYNTHETICALLY_FUZZIFIED,442,10
Diabetes,ComponentRBF_SVR,0.0765587359315467,64.07474427599273,,0.9421463920152746,0,SUCCESS,SYNTHETICALLY_FUZZIFIED,442,10
Diabetes,ComponentLAD,0.095154780264853,57.12546546754591,,0.1091698129894211,0,SUCCESS,SYNTHETICALLY_FUZZIFIED,442,10
Diabetes,ComponentRidge,0.0917322081894127,56.224207477289305,,0.4592274640453979,0,SUCCESS,SYNTHETICALLY_FUZZIFIED,442,10
Diabetes,FuzzyMean,0.0535339511815911,77.86831985707677,,0.0356997260241769,0,SUCCESS,SYNTHETICALLY_FUZZIFIED,442,10
Diabetes,FuzzyMedian,0.0617850013494483,79.02440866979556,,0.035539441043511,0,SUCCESS,SYNTHETICALLY_FUZZIFIED,442,10
EnergyEfficiency,FLADSVR,0.6149296667107645,0.9957159022974519,,102.8200985539006,0,SUCCESS,SYNTHETICALLY_FUZZIFIED,768,8
EnergyEfficiency,FLADTSVR,0.6200471652855268,0.9784819440889095,,248.3566743991105,0,SUCCESS,SYNTHETICALLY_FUZZIFIED,768,8
EnergyEfficiency,FuzzyNW,0.4683592507577982,2.6215106147064486,,0.6216924409382045,0,SUCCESS,SYNTHETICALLY_FUZZIFIED,768,8
EnergyEfficiency,ComponentRBF_SVR,0.20988667655680268,2.3553682418264383,,1.874600175069645,0,SUCCESS,SYNTHETICALLY_FUZZIFIED,768,8
EnergyEfficiency,ComponentLAD,0.3447867545000425,3.0204525989721427,,0.48724250099621713,0,SUCCESS,SYNTHETICALLY_FUZZIFIED,768,8
EnergyEfficiency,ComponentRidge,0.32083682563268306,2.993575850398179,,0.776830698014237,0,SUCCESS,SYNTHETICALLY_FUZZIFIED,768,8
EnergyEfficiency,FuzzyMean,0.01999824391340083,10.198935491760464,,0.12787603901233524,0,SUCCESS,SYNTHETICALLY_FUZZIFIED,768,8
EnergyEfficiency,FuzzyMedian,0.028249363648310124,10.761672109192263,,0.12870703299995512,0,SUCCESS,SYNTHETICALLY_FUZZIFIED,768,8
Example 1,FLADSVR,0.4161901574666729,4.6576701559546585,,1.5960654640221037,0,SUCCESS,NATIVE_FUZZY,30,1
Example 1,FLADTSVR,0.4120486295852318,5.330192323636462,,9.499032167019324,0,SUCCESS,NATIVE_FUZZY,30,1
Example 1,FuzzyNW,0.4580679569962652,4.388930792507056,,0.0439679729752242,0,SUCCESS,NATIVE_FUZZY,30,1
Example 1,ComponentRBF_SVR,0.4703431712996195,4.528300495456309,,0.1771306830341927,0,SUCCESS,NATIVE_FUZZY,30,1
Example 1,ComponentLAD,0.2243910936572299,9.97664859517508,,0.017876801022794,0,SUCCESS,NATIVE_FUZZY,30,1
Example 1,ComponentRidge,0.2156180579264135,9.446526051914203,,0.0640502090100199,0,SUCCESS,NATIVE_FUZZY,30,1
Example 1,FuzzyMean,0.146159158904393,15.498991902701285,,0.0031563499942421,0,SUCCESS,NATIVE_FUZZY,30,1
Example 1,FuzzyMedian,0.142644335802965,15.801898620102586,,0.0031347850454039,0,SUCCESS,NATIVE_FUZZY,30,1
Example 2,FLADSVR,0.4521886160100603,0.999940644943005,,0.5919312879559584,0,SUCCESS,NATIVE_FUZZY,30,5
Example 2,FLADTSVR,0.2934885667670771,1.0561267825410172,,4.075828518019989,0,SUCCESS,NATIVE_FUZZY,30,5
Example 2,FuzzyNW,0.349276589028831,0.957315467324977,,0.0413910429924726,0,SUCCESS,NATIVE_FUZZY,30,5
Example 2,ComponentRBF_SVR,0.3117745450007197,1.031931253268712,,0.168214346980676,0,SUCCESS,NATIVE_FUZZY,30,5
Example 2,ComponentLAD,0.4425347968239178,0.9253301886707812,,0.0165243039955385,0,SUCCESS,NATIVE_FUZZY,30,5
Example 2,ComponentRidge,0.3410984972948029,0.9054812344857296,,0.0617823129869066,0,SUCCESS,NATIVE_FUZZY,30,5
Example 2,FuzzyMean,0.2492368798309057,1.1171796085579877,,0.0028443539631552,0,SUCCESS,NATIVE_FUZZY,30,5
Example 2,FuzzyMedian,0.3178722415795586,1.1030261405182864,,0.0025450879475101,0,SUCCESS,NATIVE_FUZZY,30,5
Example 3,FLADSVR,0.0506365342893432,1.614119143757987,,0.4640806629904546,0,SUCCESS,NATIVE_FUZZY,8,1
Example 3,FLADTSVR,0.0964056630321561,2.3937143288026377,,1.954267397988588,0,SUCCESS,NATIVE_FUZZY,8,1
Example 3,FuzzyNW,0.1103423539567507,1.3834680240804629,,0.0234598329989239,0,SUCCESS,NATIVE_FUZZY,8,1
Example 3,ComponentRBF_SVR,0.0869637772320588,1.7135243526478958,,0.1793249470065347,0,SUCCESS,NATIVE_FUZZY,8,1
Example 3,ComponentLAD,0.0070797123164518,1.422582514376861,,0.021650661015883,0,SUCCESS,NATIVE_FUZZY,8,1
Example 3,ComponentRidge,0.1058985204759981,1.1730670187990544,,0.0350422150222584,0,SUCCESS,NATIVE_FUZZY,8,1
Example 3,FuzzyMean,0.1031643227239081,2.294625486315573,,0.0011756810126826,0,SUCCESS,NATIVE_FUZZY,8,1
Example 3,FuzzyMedian,0.0714285714285714,2.2360679774997894,,0.0012321899994276,0,SUCCESS,NATIVE_FUZZY,8,1
Example 4,FLADSVR,0.4596378198635952,1.9317193649075863,,21.67864158301381,0,SUCCESS,NATIVE_FUZZY,184,1
Example 4,FLADTSVR,0.4656826232795542,2.0076431014103333,,186.23584259400377,0,SUCCESS,NATIVE_FUZZY,184,1
Example 4,FuzzyNW,0.4641827461355343,1.954866114829636,,0.2539948499761522,0,SUCCESS,NATIVE_FUZZY,184,1
Example 4,ComponentRBF_SVR,0.4721334090038223,1.9330894304462547,,0.6590350939659402,0,SUCCESS,NATIVE_FUZZY,184,1
Example 4,ComponentLAD,0.4320717817797737,1.984260143310154,,0.0464971130131743,0,SUCCESS,NATIVE_FUZZY,184,1
Example 4,ComponentRidge,0.4369006096878856,1.977489147557876,,0.3588096759631298,0,SUCCESS,NATIVE_FUZZY,184,1
Example 4,FuzzyMean,0.3129792773084751,3.256524231532204,,0.015143959026318,0,SUCCESS,NATIVE_FUZZY,184,1
Example 4,FuzzyMedian,0.2907057575736398,3.363761643057419,,0.0151447730022482,0,SUCCESS,NATIVE_FUZZY,184,1
Example 5,FLADSVR,0.0947633658992355,1.6274722736072902,,0.1800271479878574,0,SUCCESS,NATIVE_FUZZY,25,18
Example 5,FLADTSVR,0.0944348661352405,1.627660513404028,,0.4606974719790742,0,SUCCESS,NATIVE_FUZZY,25,18
Example 5,FuzzyNW,0.0860989698548095,1.980070838656123,,0.0366388200200162,0,SUCCESS,NATIVE_FUZZY,25,18
Example 5,ComponentRBF_SVR,0.0902149730028418,1.5897189355646797,,0.1599076179554686,0,SUCCESS,NATIVE_FUZZY,25,18
Example 5,ComponentLAD,0.0402086083364612,6.73633887141249,,0.022079896996729,0,SUCCESS,NATIVE_FUZZY,25,18
Example 5,ComponentRidge,0.0849378925279298,1.6553858104793782,,0.0537172750337049,0,SUCCESS,NATIVE_FUZZY,25,18
Example 5,FuzzyMean,0.0939020195857506,1.6266145824994935,,0.0025230830069631,0,SUCCESS,NATIVE_FUZZY,25,18
Example 5,FuzzyMedian,0.2122810430825181,1.6817030058842135,,0.0024241359787993,0,SUCCESS,NATIVE_FUZZY,25,18
