contamination_type,endpoint,first_method,second_method,raw_p,wins,ties,losses,rank_biserial,holm_adjusted_p,significant_0.05
fuzzy_spread,msm_degradation_auc,FLADSVR,FuzzyNW,0.25,3,0,0,1.0,1.0,False
fuzzy_spread,msm_degradation_auc,FLADSVR,ComponentRBF_SVR,0.25,3,0,0,1.0,1.0,False
fuzzy_spread,msm_degradation_auc,FLADTSVR,FuzzyNW,1.0,2,0,1,0.0,1.0,False
fuzzy_spread,msm_degradation_auc,FLADSVR,FLADTSVR,0.5,2,0,1,0.6666666666666666,1.0,False
fuzzy_spread,msm_degradation_auc,FLADSVR,HaoChiangFSVR,0.25,3,0,0,1.0,1.0,False
fuzzy_spread,msm_degradation_auc,FLADTSVR,HaoChiangFSVR,0.25,3,0,0,1.0,1.0,False
fuzzy_spread,rmse_degradation_auc,FLADSVR,FuzzyNW,0.25,3,0,0,1.0,1.0,False
fuzzy_spread,rmse_degradation_auc,FLADSVR,ComponentRBF_SVR,0.5,1,0,2,-0.6666666666666666,1.0,False
fuzzy_spread,rmse_degradation_auc,FLADTSVR,FuzzyNW,0.75,1,0,2,-0.3333333333333333,1.0,False
fuzzy_spread,rmse_degradation_auc,FLADSVR,FLADTSVR,0.25,3,0,0,1.0,1.0,False
fuzzy_spread,rmse_degradation_auc,FLADSVR,HaoChiangFSVR,0.25,3,0,0,1.0,1.0,False
fuzzy_spread,rmse_degradation_auc,FLADTSVR,HaoChiangFSVR,0.25,3,0,0,1.0,1.0,False
leverage,msm_degradation_auc,FLADSVR,FuzzyNW,0.5,2,0,1,0.6666666666666666,1.0,False
leverage,msm_degradation_auc,FLADSVR,ComponentRBF_SVR,0.25,3,0,0,1.0,1.0,False
leverage,msm_degradation_auc,FLADTSVR,FuzzyNW,0.5,2,0,1,0.6666666666666666,1.0,False
leverage,msm_degradation_auc,FLADSVR,FLADTSVR,0.5,1,0,2,-0.6666666666666666,1.0,False
leverage,msm_degradation_auc,FLADSVR,HaoChiangFSVR,0.5,1,0,2,-0.6666666666666666,1.0,False
leverage,msm_degradation_auc,FLADTSVR,HaoChiangFSVR,1.0,2,0,1,0.0,1.0,False
leverage,rmse_degradation_auc,FLADSVR,FuzzyNW,0.5,1,0,2,-0.6666666666666666,1.0,False
leverage,rmse_degradation_auc,FLADSVR,ComponentRBF_SVR,1.0,1,0,2,0.0,1.0,False
leverage,rmse_degradation_auc,FLADTSVR,FuzzyNW,0.75,2,0,1,0.3333333333333333,1.0,False
leverage,rmse_degradation_auc,FLADSVR,FLADTSVR,0.25,0,0,3,-1.0,1.0,False
leverage,rmse_degradation_auc,FLADSVR,HaoChiangFSVR,0.75,1,0,2,-0.3333333333333333,1.0,False
leverage,rmse_degradation_auc,FLADTSVR,HaoChiangFSVR,0.5,2,0,1,0.6666666666666666,1.0,False
response_center,msm_degradation_auc,FLADSVR,FuzzyNW,0.25,3,0,0,1.0,1.0,False
response_center,msm_degradation_auc,FLADSVR,ComponentRBF_SVR,0.75,2,0,1,0.3333333333333333,1.0,False
response_center,msm_degradation_auc,FLADTSVR,FuzzyNW,0.75,2,0,1,0.3333333333333333,1.0,False
response_center,msm_degradation_auc,FLADSVR,FLADTSVR,0.25,3,0,0,1.0,1.0,False
response_center,msm_degradation_auc,FLADSVR,HaoChiangFSVR,0.25,3,0,0,1.0,1.0,False
response_center,msm_degradation_auc,FLADTSVR,HaoChiangFSVR,0.25,3,0,0,1.0,1.0,False
response_center,rmse_degradation_auc,FLADSVR,FuzzyNW,0.25,3,0,0,1.0,1.0,False
response_center,rmse_degradation_auc,FLADSVR,ComponentRBF_SVR,1.0,2,0,1,0.0,1.0,False
response_center,rmse_degradation_auc,FLADTSVR,FuzzyNW,0.75,1,0,2,-0.3333333333333333,1.0,False
response_center,rmse_degradation_auc,FLADSVR,FLADTSVR,0.25,3,0,0,1.0,1.0,False
response_center,rmse_degradation_auc,FLADSVR,HaoChiangFSVR,0.25,3,0,0,1.0,1.0,False
response_center,rmse_degradation_auc,FLADTSVR,HaoChiangFSVR,0.25,3,0,0,1.0,1.0,False
