example,type,rate,method,contaminated_msm,msm_seed_sd,contaminated_rmse,rmse_seed_sd,msm_absolute_degradation,msm_relative_degradation_percent,rmse_absolute_degradation,rmse_relative_degradation_percent,failures,seeds,clean_msm,clean_rmse,msm_degradation_auc,rmse_degradation_auc
1,fuzzy_spread,0.0,ComponentLAD,0.2243910936572299,0.0,9.97664859517508,0.0,0.0,0.0,0.0,0.0,0,10,0.2243910936572299,9.97664859517508,-0.0013950977526148243,0.011141110929888141
1,fuzzy_spread,0.0,ComponentRBF_SVR,0.47034317129961944,0.0,4.528300495456309,0.0,0.0,0.0,0.0,0.0,0,10,0.47034317129961944,4.528300495456309,0.0026792793238691074,0.10331391294834591
1,fuzzy_spread,0.0,ComponentRidge,0.21561805792641348,0.0,9.446526051914203,0.0,0.0,0.0,0.0,0.0,0,10,0.21561805792641348,9.446526051914203,-0.0019476058200903548,0.12006689191287119
1,fuzzy_spread,0.0,FLADSVR,0.416190157466673,0.0,4.6576701559546585,0.0,0.0,0.0,0.0,0.0,0,10,0.416190157466673,4.6576701559546585,0.0018074828869244675,0.14257455307896316
1,fuzzy_spread,0.0,FLADTSVR,0.4120486295852318,0.0,5.330192323636462,0.0,0.0,0.0,0.0,0.0,0,10,0.4120486295852318,5.330192323636462,0.0036414667163599266,0.6570521878189363
1,fuzzy_spread,0.0,FuzzyMean,0.146159158904393,0.0,15.498991902701283,0.0,0.0,0.0,0.0,0.0,0,10,0.146159158904393,15.498991902701283,-0.0014715920904663812,0.04692674898437417
1,fuzzy_spread,0.0,FuzzyMedian,0.142644335802965,0.0,15.801898620102586,0.0,0.0,0.0,0.0,0.0,0,10,0.142644335802965,15.801898620102586,-0.00019316057166367075,0.0003957996369603448
1,fuzzy_spread,0.0,FuzzyNW,0.45806795699626524,0.0,4.388930792507056,0.0,0.0,0.0,0.0,0.0,0,10,0.45806795699626524,4.388930792507056,0.00280270132011097,0.46203390934637656
1,fuzzy_spread,0.0,HaoChiangFSVR,0.40941041693292207,0.0,6.980108887758929,0.0,0.0,0.0,0.0,0.0,0,10,0.40941041693292207,6.980108887758929,0.022722814212810947,2.2823004012382135
1,fuzzy_spread,0.05,ComponentLAD,0.22522628910781473,0.0032488264358978927,10.003300482107601,0.025472127802042954,-0.00083519545058485,-0.3722052586724553,0.0266518869325214,0.2671426850236143,0,10,0.2243910936572299,9.97664859517508,-0.0013950977526148243,0.011141110929888141
1,fuzzy_spread,0.05,ComponentRBF_SVR,0.4635592534863095,0.007871283335201455,4.560905796266585,0.06730509153530827,0.006783917813309963,1.4423336464235565,0.03260530081027671,0.7200339474598219,0,10,0.47034317129961944,4.528300495456309,0.0026792793238691074,0.10331391294834591
1,fuzzy_spread,0.05,ComponentRidge,0.22056236841628718,0.0040427454626053815,9.528709316702908,0.05406478285160181,-0.00494431048987367,-2.29308738675363,0.08218326478870383,0.869983995566821,0,10,0.21561805792641348,9.446526051914203,-0.0019476058200903548,0.12006689191287119
1,fuzzy_spread,0.05,FLADSVR,0.41147152280912913,0.00461788214094267,4.689320029428887,0.04457761261481109,0.004718634657543719,1.1337689209821378,0.03164987347422828,0.6795215722557153,0,10,0.416190157466673,4.6576701559546585,0.0018074828869244675,0.14257455307896316
1,fuzzy_spread,0.05,FLADTSVR,0.4116786089618552,0.005847739366368653,5.591375815204236,0.23703184574836034,0.0003700206233765457,0.08980023152825849,0.2611834915677743,4.900076314499378,0,10,0.4120486295852318,5.330192323636462,0.0036414667163599266,0.6570521878189363
1,fuzzy_spread,0.05,FuzzyMean,0.14860761171569997,0.0021668857278158375,15.530317712447365,0.014231080108815512,-0.00244845281130688,-1.6751962926309107,0.03132580974608259,0.20211514363474778,0,10,0.146159158904393,15.498991902701283,-0.0014715920904663812,0.04692674898437417
1,fuzzy_spread,0.05,FuzzyMedian,0.14325720408314446,0.0008208426562458423,15.801422381874852,0.007506262904194237,-0.0006128682801794458,-0.4296478207350777,-0.00047623822773435983,-0.003013803842080691,0,10,0.142644335802965,15.801898620102586,-0.00019316057166367075,0.0003957996369603448
1,fuzzy_spread,0.05,FuzzyNW,0.4554851217254224,0.005822138922185232,4.678679076037084,0.34199538874783914,0.0025828352708428,0.5638541686651726,0.2897482835300283,6.60179659302665,0,10,0.45806795699626524,4.388930792507056,0.00280270132011097,0.46203390934637656
1,fuzzy_spread,0.05,HaoChiangFSVR,0.3779359271287509,0.022585122211741637,10.22030552408944,2.914622119545857,0.031474489804171155,7.687759886512106,3.2401966363305106,46.420431091166336,0,10,0.40941041693292207,6.980108887758929,0.022722814212810947,2.2823004012382135
1,fuzzy_spread,0.1,ComponentLAD,0.22841402672690414,0.004677442957566307,9.984517343029596,0.019382958922048416,-0.004022933069674242,-1.7928220786781897,0.00786874785451576,0.07887165493952814,0,10,0.2243910936572299,9.97664859517508,-0.0013950977526148243,0.011141110929888141
1,fuzzy_spread,0.1,ComponentRBF_SVR,0.4701637217518175,0.007122923161854193,4.578485022480235,0.11348698051938676,0.00017944954780198008,0.03815289744850281,0.05018452702392706,1.1082419789561697,0,10,0.47034317129961944,4.528300495456309,0.0026792793238691074,0.10331391294834591
1,fuzzy_spread,0.1,ComponentRidge,0.22093491889718891,0.007403929672685218,9.578860562932487,0.0771111095043969,-0.00531686097077543,-2.4658699841318574,0.13233451101828347,1.4008801785018927,0,10,0.21561805792641348,9.446526051914203,-0.0019476058200903548,0.12006689191287119
1,fuzzy_spread,0.1,FLADSVR,0.4147765778704045,0.007630756523446646,4.7911078159398075,0.23581651740425175,0.0014135795962683501,0.3396475315208662,0.13343765998514892,2.8649014532416777,0,10,0.416190157466673,4.6576701559546585,0.0018074828869244675,0.14257455307896316
1,fuzzy_spread,0.1,FLADTSVR,0.40966186366461643,0.014815980156049523,6.587395150927999,0.5660353819497405,0.0023867659206153087,0.5792437467921807,1.2572028272915372,23.5864439959612,0,10,0.4120486295852318,5.330192323636462,0.0036414667163599266,0.6570521878189363
1,fuzzy_spread,0.1,FuzzyMean,0.14884444358638596,0.003322569707161784,15.537864885112844,0.016434828436838952,-0.0026852846819929023,-1.8372332614129518,0.038872982411562826,0.25080974721193183,0,10,0.146159158904393,15.498991902701283,-0.0014715920904663812,0.04692674898437417
1,fuzzy_spread,0.1,FuzzyMedian,0.14352712944162369,0.0018668977257409612,15.797941300493509,0.007503048382015003,-0.0008827936386586706,-0.6188774574814555,-0.00395731960907851,-0.0250433172887476,0,10,0.142644335802965,15.801898620102586,-0.00019316057166367075,0.0003957996369603448
1,fuzzy_spread,0.1,FuzzyNW,0.4604528611010408,0.009078226437990286,5.079048354988251,0.4777083572737684,-0.00238490410477554,-0.5206441682614812,0.6901175624811948,15.724047498297058,0,10,0.45806795699626524,4.388930792507056,0.00280270132011097,0.46203390934637656
1,fuzzy_spread,0.1,HaoChiangFSVR,0.3651923365279822,0.02068369447553453,10.83021963770858,4.05819880278416,0.04421808040493984,10.800428757088644,3.8501107499496507,55.158319330829066,0,10,0.40941041693292207,6.980108887758929,0.022722814212810947,2.2823004012382135
1,fuzzy_spread,0.2,ComponentLAD,0.23160580600722938,0.0119572182496198,10.031030687875377,0.06719587019817473,-0.007214712349999511,-3.215240066978956,0.054382092700297556,0.5450937975964988,0,10,0.2243910936572299,9.97664859517508,-0.0013950977526148243,0.011141110929888141
1,fuzzy_spread,0.2,ComponentRBF_SVR,0.45810324360627563,0.010971010442153243,4.98666608422104,0.28207244436975326,0.01223992769334387,2.6023398318983553,0.4583655887647323,10.122243195314795,0,10,0.47034317129961944,4.528300495456309,0.0026792793238691074,0.10331391294834591
1,fuzzy_spread,0.2,ComponentRidge,0.223717242051865,0.009157901624858508,10.03934928931479,0.17609238306830943,-0.00809918412545147,-3.756264295922564,0.5928232374005861,6.275568755568708,0,10,0.21561805792641348,9.446526051914203,-0.0019476058200903548,0.12006689191287119
1,fuzzy_spread,0.2,FLADSVR,0.40746132985293215,0.014644595572349128,5.1793723285582285,0.4671381072513921,0.008728827613740688,2.097317165516992,0.5217021726035699,11.200925680333826,0,10,0.416190157466673,4.6576701559546585,0.0018074828869244675,0.14257455307896316
1,fuzzy_spread,0.2,FLADTSVR,0.39984767242809677,0.03212299711245783,8.556650185911506,0.9149779350396436,0.01220095715713498,2.9610478669511595,3.226457862275045,60.531734436063104,0,10,0.4120486295852318,5.330192323636462,0.0036414667163599266,0.6570521878189363
1,fuzzy_spread,0.2,FuzzyMean,0.15421672237332412,0.004976038050587376,15.745264265285488,0.07715527926890202,-0.00805756346893108,-5.512869346902713,0.2462723625842056,1.5889572956114866,0,10,0.146159158904393,15.498991902701283,-0.0014715920904663812,0.04692674898437417
1,fuzzy_spread,0.2,FuzzyMedian,0.14354206305244946,0.0018095195200356483,15.804532054971926,0.010533370159593134,-0.0008977272494844569,-0.6293465803819288,0.0026334348693396103,0.01666530669921818,0,10,0.142644335802965,15.801898620102586,-0.00019316057166367075,0.0003957996369603448
1,fuzzy_spread,0.2,FuzzyNW,0.44557596343189126,0.0207291461754054,6.655853663818502,0.6120006068213745,0.012491993564373919,2.727104870266178,2.2669228713114453,51.65091404908046,0,10,0.45806795699626524,4.388930792507056,0.00280270132011097,0.46203390934637656
1,fuzzy_spread,0.2,HaoChiangFSVR,0.29072963698910376,0.023854653949335076,19.144139227408722,3.0020748393067906,0.11868077994381832,28.98821696646351,12.164030339649795,174.26705707961017,0,10,0.40941041693292207,6.980108887758929,0.022722814212810947,2.2823004012382135
1,fuzzy_spread,0.3,ComponentLAD,0.23099402895443114,0.009221927277805669,10.052251619657953,0.062400880916611126,-0.006602935297201249,-2.942601325918769,0.07560302448287268,0.757799813851677,0,10,0.2243910936572299,9.97664859517508,-0.0013950977526148243,0.011141110929888141
1,fuzzy_spread,0.3,ComponentRBF_SVR,0.4482905323439379,0.019995744563520254,5.569965485547596,0.45129887284895226,0.02205263895568148,4.688627432337798,1.0416649900912867,23.00344226573506,0,10,0.47034317129961944,4.528300495456309,0.0026792793238691074,0.10331391294834591
1,fuzzy_spread,0.3,ComponentRidge,0.22545220413128084,0.0114256424967477,10.381532384054328,0.37972353492132616,-0.00983414620486735,-4.560910296401788,0.9350063321401227,9.897885497819136,0,10,0.21561805792641348,9.446526051914203,-0.0019476058200903548,0.12006689191287119
1,fuzzy_spread,0.3,FLADSVR,0.4043371590076112,0.023358792396751586,6.233950508874831,0.9454120527290512,0.01185299845906173,2.847976639142615,1.5762803529201725,33.84267885318063,0,10,0.416190157466673,4.6576701559546585,0.0018074828869244675,0.14257455307896316
1,fuzzy_spread,0.3,FLADTSVR,0.36757137907660264,0.031893748163495106,9.871332622960018,0.9289943271631479,0.044477250508629065,10.794175083994315,4.541140299323557,85.19655621404326,0,10,0.4120486295852318,5.330192323636462,0.0036414667163599266,0.6570521878189363
1,fuzzy_spread,0.3,FuzzyMean,0.15299949394156231,0.0056800980617647545,15.855346873856927,0.11763727839789423,-0.006840335037169231,-4.680059113944234,0.35635497115564546,2.299213867538941,0,10,0.146159158904393,15.498991902701283,-0.0014715920904663812,0.04692674898437417
1,fuzzy_spread,0.3,FuzzyMedian,0.14277503399910202,0.0034839532885381874,15.810959960744466,0.015340085543676092,-0.00013069819613704988,-0.09162522675808053,0.0090613406418798,0.05734336651389689,0,10,0.142644335802965,15.801898620102586,-0.00019316057166367075,0.0003957996369603448
1,fuzzy_spread,0.3,FuzzyNW,0.42600339683647304,0.016994176413738227,7.770838609559877,0.722952673174949,0.03206456015979209,6.999957030404896,3.381907817052821,77.05539177848368,0,10,0.45806795699626524,4.388930792507056,0.00280270132011097,0.46203390934637656
1,fuzzy_spread,0.3,HaoChiangFSVR,0.29011730297592064,0.01338359798626374,19.282693471968624,2.740785074785345,0.11929311395700141,29.137781801127556,12.302584584209697,176.25204394425472,0,10,0.40941041693292207,6.980108887758929,0.022722814212810947,2.2823004012382135
1,leverage,0.0,ComponentLAD,0.2243910936572299,0.0,9.97664859517508,0.0,0.0,0.0,0.0,0.0,0,10,0.2243910936572299,9.97664859517508,0.018921686437355072,1.11594070241355
1,leverage,0.0,ComponentRBF_SVR,0.47034317129961944,0.0,4.528300495456309,0.0,0.0,0.0,0.0,0.0,0,10,0.47034317129961944,4.528300495456309,0.06343310036021116,1.1816317744718454
1,leverage,0.0,ComponentRidge,0.21561805792641348,0.0,9.446526051914203,0.0,0.0,0.0,0.0,0.0,0,10,0.21561805792641348,9.446526051914203,0.016314803730670326,1.3207975991068173
1,leverage,0.0,FLADSVR,0.416190157466673,0.0,4.6576701559546585,0.0,0.0,0.0,0.0,0.0,0,10,0.416190157466673,4.6576701559546585,0.04737145038386048,1.1484506503673084
1,leverage,0.0,FLADTSVR,0.4120486295852318,0.0,5.330192323636462,0.0,0.0,0.0,0.0,0.0,0,10,0.4120486295852318,5.330192323636462,0.01953553417107707,0.47067186332532784
1,leverage,0.0,FuzzyMean,0.146159158904393,0.0,15.498991902701283,0.0,0.0,0.0,0.0,0.0,0,10,0.146159158904393,15.498991902701283,0.0,0.0
1,leverage,0.0,FuzzyMedian,0.142644335802965,0.0,15.801898620102586,0.0,0.0,0.0,0.0,0.0,0,10,0.142644335802965,15.801898620102586,0.0,0.0
1,leverage,0.0,FuzzyNW,0.45806795699626524,0.0,4.388930792507056,0.0,0.0,0.0,0.0,0.0,0,10,0.45806795699626524,4.388930792507056,0.06571295449938155,0.9251896114692686
1,leverage,0.0,HaoChiangFSVR,0.40941041693292207,0.0,6.980108887758929,0.0,0.0,0.0,0.0,0.0,0,10,0.40941041693292207,6.980108887758929,0.023597641147749156,0.9372603902769427
1,leverage,0.05,ComponentLAD,0.17608945077021032,0.010116270769710986,10.936502412399754,0.09378566520048952,0.04830164288701948,21.525650639594026,0.9598538172246747,9.621004569499224,0,10,0.2243910936572299,9.97664859517508,0.018921686437355072,1.11594070241355
1,leverage,0.05,ComponentRBF_SVR,0.30729820532425534,0.01557698960145842,7.293727438872753,0.3297281227734735,0.16304496597536414,34.66510750540923,2.7654269434164447,61.06986376436968,0,10,0.47034317129961944,4.528300495456309,0.06343310036021116,1.1816317744718454
1,leverage,0.05,ComponentRidge,0.1685563498538573,0.012803892516105132,12.95797532373571,0.4807472592362208,0.047061708072556094,21.826422390195834,3.511449271821504,37.17185823152373,0,10,0.21561805792641348,9.446526051914203,0.016314803730670326,1.3207975991068173
1,leverage,0.05,FLADSVR,0.3149363185428382,0.022288288673116906,6.891467533320203,0.21178636415497987,0.10125383892383469,24.328744230800982,2.2337973773655446,47.9595442049437,0,10,0.416190157466673,4.6576701559546585,0.04737145038386048,1.1484506503673084
1,leverage,0.05,FLADTSVR,0.41505559846349127,0.01269701833039617,5.794361292707953,0.1066337524985983,-0.0030069688782595203,-0.7297606792883488,0.46416896907149185,8.708296828487004,0,10,0.4120486295852318,5.330192323636462,0.01953553417107707,0.47067186332532784
1,leverage,0.05,FuzzyMean,0.146159158904393,0.0,15.498991902701283,0.0,0.0,0.0,0.0,0.0,0,10,0.146159158904393,15.498991902701283,0.0,0.0
1,leverage,0.05,FuzzyMedian,0.142644335802965,0.0,15.801898620102586,0.0,0.0,0.0,0.0,0.0,0,10,0.142644335802965,15.801898620102586,0.0,0.0
1,leverage,0.05,FuzzyNW,0.3445119477220978,0.011332832815048138,5.738626746538096,0.13096962781485313,0.11355600927416734,24.790210172918343,1.3496959540310403,30.752272428977257,0,10,0.45806795699626524,4.388930792507056,0.06571295449938155,0.9251896114692686
1,leverage,0.05,HaoChiangFSVR,0.43473066813111894,0.011491068963121685,7.757936598511554,0.33212799775428553,-0.025320251198196843,-6.184564473928694,0.7778277107526251,11.143489639777792,0,10,0.40941041693292207,6.980108887758929,0.023597641147749156,0.9372603902769427
1,leverage,0.1,ComponentLAD,0.1565405483648183,0.019497737297086475,14.395974973941936,0.8197050078324724,0.06785054529241154,30.23762850234027,4.419326378766855,44.29670281164494,0,10,0.2243910936572299,9.97664859517508,0.018921686437355072,1.11594070241355
1,leverage,0.1,ComponentRBF_SVR,0.2759526516576595,0.009686800454829793,8.273572290644234,0.37393066178653217,0.19439051964195994,41.329508219463165,3.745271795187924,82.70811088941483,0,10,0.47034317129961944,4.528300495456309,0.06343310036021116,1.1816317744718454
1,leverage,0.1,ComponentRidge,0.1617011582036585,0.012404566233426543,13.924677540635713,0.4806806721874668,0.05391689972275495,25.005744064885253,4.478151488721506,47.405273262482275,0,10,0.21561805792641348,9.446526051914203,0.016314803730670326,1.3207975991068173
1,leverage,0.1,FLADSVR,0.29324151836184287,0.02483986583035346,8.012583068099989,0.26916699061313426,0.12294863910483,29.541457648400865,3.3549129121453305,72.02985183174036,0,10,0.416190157466673,4.6576701559546585,0.04737145038386048,1.1484506503673084
1,leverage,0.1,FLADTSVR,0.3985094121165148,0.013578341866416349,6.245337861887143,0.08661030725085646,0.013539217468716941,3.285829995926825,0.915145538250681,17.169090394590746,0,10,0.4120486295852318,5.330192323636462,0.01953553417107707,0.47067186332532784
1,leverage,0.1,FuzzyMean,0.146159158904393,0.0,15.498991902701283,0.0,0.0,0.0,0.0,0.0,0,10,0.146159158904393,15.498991902701283,0.0,0.0
1,leverage,0.1,FuzzyMedian,0.142644335802965,0.0,15.801898620102586,0.0,0.0,0.0,0.0,0.0,0,10,0.142644335802965,15.801898620102586,0.0,0.0
1,leverage,0.1,FuzzyNW,0.2693128259074379,0.013204551722234706,6.730302863092106,0.1883646683210845,0.1887551310888273,41.20679654751889,2.34137207058505,53.34720872296111,0,10,0.45806795699626524,4.388930792507056,0.06571295449938155,0.9251896114692686
1,leverage,0.1,HaoChiangFSVR,0.3552301535254121,0.0131651151149106,8.971114625813026,0.41324844194400806,0.05418026340750999,13.2337285927893,1.9910057380540973,28.523992534639962,0,10,0.40941041693292207,6.980108887758929,0.023597641147749156,0.9372603902769427
1,leverage,0.2,ComponentLAD,0.1480644027005081,0.019432380523982995,14.752132473295685,0.746602049939983,0.0763266909567217,34.01502693922206,4.775483878120605,47.866614049432705,0,10,0.2243910936572299,9.97664859517508,0.018921686437355072,1.11594070241355
1,leverage,0.2,ComponentRBF_SVR,0.2069248505783841,0.02464761882023391,9.440068383208681,0.5581103293724934,0.26341832072123533,56.00555866334281,4.911767887752372,108.46824084843385,0,10,0.47034317129961944,4.528300495456309,0.06343310036021116,1.1816317744718454
1,leverage,0.2,ComponentRidge,0.1503516617217781,0.011015359809075191,14.76628707039205,0.3822344903272094,0.06526639620463533,30.26944813078207,5.319761018477846,56.31446935352358,0,10,0.21561805792641348,9.446526051914203,0.016314803730670326,1.3207975991068173
1,leverage,0.2,FLADSVR,0.2057736131300833,0.01188623645689618,9.700664770131114,0.7397651805538612,0.21041654433658952,50.557789645335134,5.042994614176456,108.27290137171208,0,10,0.416190157466673,4.6576701559546585,0.04737145038386048,1.1484506503673084
1,leverage,0.2,FLADTSVR,0.3036384450997598,0.015922242451472852,7.541516960065683,0.17317531509617967,0.10841018448547197,26.310046121157523,2.2113246364292203,41.48677012315701,0,10,0.4120486295852318,5.330192323636462,0.01953553417107707,0.47067186332532784
1,leverage,0.2,FuzzyMean,0.146159158904393,0.0,15.498991902701283,0.0,0.0,0.0,0.0,0.0,0,10,0.146159158904393,15.498991902701283,0.0,0.0
1,leverage,0.2,FuzzyMedian,0.142644335802965,0.0,15.801898620102586,0.0,0.0,0.0,0.0,0.0,0,10,0.142644335802965,15.801898620102586,0.0,0.0
1,leverage,0.2,FuzzyNW,0.15617744897346628,0.018461987157718355,8.714687750060328,0.2653944160361079,0.3018905080227988,65.90517922327851,4.325756957553272,98.56060990841695,0,10,0.45806795699626524,4.388930792507056,0.06571295449938155,0.9251896114692686
1,leverage,0.2,HaoChiangFSVR,0.2774976626171168,0.008986165367894695,11.709924625879493,0.26133930311253445,0.13191275431580526,32.22017536925981,4.729815738120565,67.76134605027838,0,10,0.40941041693292207,6.980108887758929,0.023597641147749156,0.9372603902769427
1,leverage,0.3,ComponentLAD,0.14868820764920856,0.009300059773870835,15.155651501829912,0.6233391274432628,0.07570288600802126,33.73702796050442,5.179002906654832,51.911249125878896,0,10,0.2243910936572299,9.97664859517508,0.018921686437355072,1.11594070241355
1,leverage,0.3,ComponentRBF_SVR,0.18314855097617083,0.026582223590282502,9.954065573190144,0.6132774600268146,0.28719462032344867,61.060654825686626,5.4257650777338355,119.81901561475529,0,10,0.47034317129961944,4.528300495456309,0.06343310036021116,1.1816317744718454
1,leverage,0.3,ComponentRidge,0.1477918333789661,0.00869868247511193,14.994279492191092,0.28652011861307364,0.06782622454744736,31.456653120674723,5.547753440276888,58.72797481093819,0,10,0.21561805792641348,9.446526051914203,0.016314803730670326,1.3207975991068173
1,leverage,0.3,FLADSVR,0.17527103604372196,0.021798797554424477,10.274527189364374,0.9316132167649459,0.2409191214229509,57.886789752408525,5.616857033409716,120.59370555102046,0,10,0.416190157466673,4.6576701559546585,0.04737145038386048,1.1484506503673084
1,leverage,0.3,FLADTSVR,0.2554601724594502,0.030372930952071844,8.484093040837065,0.574961575254638,0.15658845712578157,38.002421530537205,3.153900717200604,59.17048627335256,0,10,0.4120486295852318,5.330192323636462,0.01953553417107707,0.47067186332532784
1,leverage,0.3,FuzzyMean,0.146159158904393,0.0,15.498991902701283,0.0,0.0,0.0,0.0,0.0,0,10,0.146159158904393,15.498991902701283,0.0,0.0
1,leverage,0.3,FuzzyMedian,0.142644335802965,0.0,15.801898620102586,0.0,0.0,0.0,0.0,0.0,0,10,0.142644335802965,15.801898620102586,0.0,0.0
1,leverage,0.3,FuzzyNW,0.1442785889616399,0.014115669792697547,9.379455046877268,0.3180365173418572,0.31378936803462526,68.50279816389421,4.990524254370213,113.70706193158068,0,10,0.45806795699626524,4.388930792507056,0.06571295449938155,0.9251896114692686
1,leverage,0.3,HaoChiangFSVR,0.25723324652261764,0.015507030671546218,12.501348899222883,0.38698426082174664,0.15217717041030443,37.16983352556884,5.521240011463954,79.09962581166313,0,10,0.40941041693292207,6.980108887758929,0.023597641147749156,0.9372603902769427
1,response_center,0.0,ComponentLAD,0.2243910936572299,0.0,9.97664859517508,0.0,0.0,0.0,0.0,0.0,0,10,0.2243910936572299,9.97664859517508,-0.004068128915216401,0.04888098282798161
1,response_center,0.0,ComponentRBF_SVR,0.47034317129961944,0.0,4.528300495456309,0.0,0.0,0.0,0.0,0.0,0,10,0.47034317129961944,4.528300495456309,0.012165112596006555,0.6980796562360367
1,response_center,0.0,ComponentRidge,0.21561805792641348,0.0,9.446526051914203,0.0,0.0,0.0,0.0,0.0,0,10,0.21561805792641348,9.446526051914203,0.024845509241008645,1.6201314300270648
1,response_center,0.0,FLADSVR,0.416190157466673,0.0,4.6576701559546585,0.0,0.0,0.0,0.0,0.0,0,10,0.416190157466673,4.6576701559546585,0.004518570201431825,1.4660252953757493
1,response_center,0.0,FLADTSVR,0.4120486295852318,0.0,5.330192323636462,0.0,0.0,0.0,0.0,0.0,0,10,0.4120486295852318,5.330192323636462,0.057438010008129974,6.160093232246967
1,response_center,0.0,FuzzyMean,0.146159158904393,0.0,15.498991902701283,0.0,0.0,0.0,0.0,0.0,0,10,0.146159158904393,15.498991902701283,0.009030742724079804,0.6214690180998496
1,response_center,0.0,FuzzyMedian,0.142644335802965,0.0,15.801898620102586,0.0,0.0,0.0,0.0,0.0,0,10,0.142644335802965,15.801898620102586,0.004727345675257852,0.04731040376552354
1,response_center,0.0,FuzzyNW,0.45806795699626524,0.0,4.388930792507056,0.0,0.0,0.0,0.0,0.0,0,10,0.45806795699626524,4.388930792507056,0.05781908765350959,4.766195485171709
1,response_center,0.0,HaoChiangFSVR,0.40941041693292207,0.0,6.980108887758929,0.0,0.0,0.0,0.0,0.0,0,10,0.40941041693292207,6.980108887758929,0.07045988394547328,8.153423270245735
1,response_center,0.05,ComponentLAD,0.2400292043566754,0.019110270671231912,9.979883464769214,0.1830518323953989,-0.01563811069944552,-6.969131637342821,0.0032348695941344305,0.03242441149725259,0,10,0.2243910936572299,9.97664859517508,-0.004068128915216401,0.04888098282798161
1,response_center,0.05,ComponentRBF_SVR,0.46705330326840516,0.013847682192503779,4.550768722167622,0.1866167580400579,0.00328986803121427,0.6994612087433838,0.022468226711313412,0.4961734923258291,0,10,0.47034317129961944,4.528300495456309,0.012165112596006555,0.6980796562360367
1,response_center,0.05,ComponentRidge,0.1578360144107939,0.030329081810995674,11.715342169215337,0.9513291224598781,0.05778204351561952,26.798332232145196,2.2688161173011325,24.017465307697837,0,10,0.21561805792641348,9.446526051914203,0.024845509241008645,1.6201314300270648
1,response_center,0.05,FLADSVR,0.4200190081679994,0.017044318701940717,4.777867631339406,0.3598288069515236,-0.00382885070132651,-0.9199762734977976,0.12019747538474804,2.580635196570973,0,10,0.416190157466673,4.6576701559546585,0.004518570201431825,1.4660252953757493
1,response_center,0.05,FLADTSVR,0.342380917132591,0.03572235379576293,13.039289599080888,3.832194893469743,0.06966771245264072,16.90764328539772,7.709097275444425,144.63075265143496,0,10,0.4120486295852318,5.330192323636462,0.057438010008129974,6.160093232246967
1,response_center,0.05,FuzzyMean,0.130225698078428,0.02855132085820094,16.034961032156378,0.917571532392564,0.01593346082596504,10.901445345883243,0.5359691294550941,3.458090260449012,0,10,0.146159158904393,15.498991902701283,0.009030742724079804,0.6214690180998496
1,response_center,0.05,FuzzyMedian,0.13568196429061954,0.009205631685646901,15.840977743358664,0.352384682080962,0.006962371512345409,4.880930934378334,0.03907912325607833,0.24730650534843518,0,10,0.142644335802965,15.801898620102586,0.004727345675257852,0.04731040376552354
1,response_center,0.05,FuzzyNW,0.3933807844927388,0.03034648520339597,10.728880695146863,3.1582824205091447,0.0646871725035264,14.121741439350197,6.339949902639807,144.45317555390946,0,10,0.45806795699626524,4.388930792507056,0.05781908765350959,4.766195485171709
1,response_center,0.05,HaoChiangFSVR,0.3314184803126229,0.02395939185972261,17.482059589203942,5.3278491630467695,0.07799193662029916,19.0498173457754,10.501950701445011,150.45539934000692,0,10,0.40941041693292207,6.980108887758929,0.07045988394547328,8.153423270245735
1,response_center,0.1,ComponentLAD,0.24695258064996034,0.021692498840155505,9.955928375943511,0.16530186838871724,-0.02256148699273043,-10.054537648982812,-0.020720219231569807,-0.20768717103647968,0,10,0.2243910936572299,9.97664859517508,-0.004068128915216401,0.04888098282798161
1,response_center,0.1,ComponentRBF_SVR,0.4531822280250902,0.029436511602969482,4.893342575425142,0.6618041839303271,0.01716094327452929,3.6486004946370074,0.36504207996883287,8.061348409521754,0,10,0.47034317129961944,4.528300495456309,0.012165112596006555,0.6980796562360367
1,response_center,0.1,ComponentRidge,0.14800923199870455,0.043894058869388054,13.028197077100597,1.680379765424305,0.0676088259277089,31.355827326291273,3.5816710251863926,37.91521883815286,0,10,0.21561805792641348,9.446526051914203,0.024845509241008645,1.6201314300270648
1,response_center,0.1,FLADSVR,0.42517540155018374,0.03373142614690003,6.410959561319236,3.7648149999772818,-0.008985244083510719,-2.1589275772890604,1.7532894053645767,37.6430564350518,0,10,0.416190157466673,4.6576701559546585,0.004518570201431825,1.4660252953757493
1,response_center,0.1,FLADTSVR,0.27892800000352624,0.03872526606769333,20.585219188059096,4.281099796182979,0.1331206295817055,32.30701912919958,15.255026864422636,286.2003083223659,0,10,0.4120486295852318,5.330192323636462,0.057438010008129974,6.160093232246967
1,response_center,0.1,FuzzyMean,0.11713815483204397,0.031764450321218225,16.87661283616594,1.2381553067226674,0.029021004072349033,19.855754705958955,1.3776209334646592,8.888455082195101,0,10,0.146159158904393,15.498991902701283,0.009030742724079804,0.6214690180998496
1,response_center,0.1,FuzzyMedian,0.12573855593398714,0.014772551134767569,15.855375840018217,0.45386036166288773,0.01690577986897779,11.85170078700484,0.053477219915632555,0.33842275033710706,0,10,0.142644335802965,15.801898620102586,0.004727345675257852,0.04731040376552354
1,response_center,0.1,FuzzyNW,0.3354635714554877,0.03775926122825888,15.509305207291082,4.420018902566701,0.1226043855407775,26.765545083036045,11.120374414784026,253.37320045622815,0,10,0.45806795699626524,4.388930792507056,0.05781908765350959,4.766195485171709
1,response_center,0.1,HaoChiangFSVR,0.2283118997494619,0.033285171229738446,24.595159460189873,3.1558767941759376,0.18109851718346018,44.233978837214444,17.615050572430942,252.36068456356884,0,10,0.40941041693292207,6.980108887758929,0.07045988394547328,8.153423270245735
1,response_center,0.2,ComponentLAD,0.24165602207177833,0.03183036028971057,10.004673315228384,0.281330671740038,-0.017264928414548443,-7.69412374312931,0.028024720053303476,0.2809031488475681,0,10,0.2243910936572299,9.97664859517508,-0.004068128915216401,0.04888098282798161
1,response_center,0.2,ComponentRBF_SVR,0.40669863726078415,0.037287776935496966,6.888053723076732,1.790901623898908,0.06364453403883524,13.531510165859777,2.3597532276204225,52.11123312130447,0,10,0.47034317129961944,4.528300495456309,0.012165112596006555,0.6980796562360367
1,response_center,0.2,ComponentRidge,0.0979934809242439,0.02253139275852539,16.44048130283884,2.512564654659479,0.11762457700216951,54.55228478234077,6.993955250924634,74.03732559978921,0,10,0.21561805792641348,9.446526051914203,0.024845509241008645,1.6201314300270648
1,response_center,0.2,FLADSVR,0.3878612979454704,0.045692064595421744,9.973258417646978,4.204320388893045,0.02832885952120247,6.806710589610939,5.3155882616923185,114.12547655175915,0,10,0.416190157466673,4.6576701559546585,0.004518570201431825,1.4660252953757493
1,response_center,0.2,FLADTSVR,0.12599577646970203,0.03663650776072707,35.31429354395707,5.4092851384473875,0.2860528531155297,69.42211005615297,29.98410122032061,562.5331957977888,0,10,0.4120486295852318,5.330192323636462,0.057438010008129974,6.160093232246967
1,response_center,0.2,FuzzyMean,0.11153859567740428,0.024252198841711155,17.720200968824955,1.389981284278525,0.0346205632269887,23.686892758896526,2.2212090661236727,14.331313159383892,0,10,0.146159158904393,15.498991902701283,0.009030742724079804,0.6214690180998496
1,response_center,0.2,FuzzyMedian,0.12194115084845276,0.024992933989033066,16.020407860230293,1.0505018158205837,0.02070318495451218,14.513850015825076,0.218509240127708,1.3828037084716434,0,10,0.142644335802965,15.801898620102586,0.004727345675257852,0.04731040376552354
1,response_center,0.2,FuzzyNW,0.1708779884987272,0.05349015889177023,27.014376341631067,5.053566617645853,0.287189968497538,62.695930617098256,22.62544554912401,515.5115589371106,0,10,0.45806795699626524,4.388930792507056,0.05781908765350959,4.766195485171709
1,response_center,0.2,HaoChiangFSVR,0.0624339373161798,0.01743218569320555,47.45231556472352,7.63389881524074,0.3469764796167423,84.75028120097662,40.472206676964596,579.8219960141455,0,10,0.40941041693292207,6.980108887758929,0.07045988394547328,8.153423270245735
1,response_center,0.3,ComponentLAD,0.22174347394391983,0.03018663849527779,10.926064270881325,1.8896872306690036,0.0026476197133100303,1.179913012659237,0.9494156757062457,9.51637883853505,0,10,0.2243910936572299,9.97664859517508,-0.004068128915216401,0.04888098282798161
1,response_center,0.3,ComponentRBF_SVR,0.383361270400167,0.06779751846005265,13.200355818271637,10.189393886395175,0.08698190089945247,18.49328452225854,8.672055322815329,191.50794722030614,0,10,0.47034317129961944,4.528300495456309,0.012165112596006555,0.6980796562360367
1,response_center,0.3,ComponentRidge,0.11315230951776231,0.055569940530911695,20.21992149552552,4.917201746269103,0.10246574840865111,47.52187706078905,10.773395443611312,114.0461094841128,0,10,0.21561805792641348,9.446526051914203,0.024845509241008645,1.6201314300270648
1,response_center,0.3,FLADSVR,0.36516975565384874,0.03382622000210456,20.596867956653398,11.871297595116452,0.05102040181282415,12.258916002094479,15.939197800698741,342.2139667902646,0,10,0.416190157466673,4.6576701559546585,0.004518570201431825,1.4660252953757493
1,response_center,0.3,FLADTSVR,0.10474279247889047,0.035623637417774766,37.972216955856226,6.652961054725005,0.30730583710634124,74.57999251585315,32.642024632219766,612.3986274842354,0,10,0.4120486295852318,5.330192323636462,0.057438010008129974,6.160093232246967
1,response_center,0.3,FuzzyMean,0.09425039781126285,0.02551903567737481,20.883553602798848,2.7586123856735263,0.051908761093130126,35.515229755177515,5.384561700097565,34.74136727021003,0,10,0.146159158904393,15.498991902701283,0.009030742724079804,0.6214690180998496
1,response_center,0.3,FuzzyMedian,0.12182483352264431,0.023046256288967667,16.191793262028114,0.7787675161154674,0.0208195022803206,14.595393615263266,0.3898946419255278,2.467391111024585,0,10,0.142644335802965,15.801898620102586,0.004727345675257852,0.04731040376552354
1,response_center,0.3,FuzzyNW,0.12465989173584183,0.04385788483183636,31.441437872877383,5.605008065050235,0.3334080652604233,72.78572101980532,27.052507080370326,616.3803522843276,0,10,0.45806795699626524,4.388930792507056,0.05781908765350959,4.766195485171709
1,response_center,0.3,HaoChiangFSVR,0.04380540965243025,0.010843068387985075,52.17963437865302,1.678085735334532,0.36560500728049183,89.3003675918663,45.19952549089409,647.547570069585,0,10,0.40941041693292207,6.980108887758929,0.07045988394547328,8.153423270245735
4,fuzzy_spread,0.0,ComponentLAD,0.43207178177977373,0.0,1.9842601433101543,0.0,0.0,0.0,0.0,0.0,0,10,0.43207178177977373,1.9842601433101543,0.0009230718626890163,0.004426751368255299
4,fuzzy_spread,0.0,ComponentRBF_SVR,0.4721334090038223,0.0,1.9330894304462547,0.0,0.0,0.0,0.0,0.0,0,10,0.4721334090038223,1.9330894304462547,-0.0001886203206948363,0.001973002126835743
4,fuzzy_spread,0.0,ComponentRidge,0.4369006096878856,0.0,1.977489147557876,0.0,0.0,0.0,0.0,0.0,0,10,0.4369006096878856,1.977489147557876,0.0007630116598916504,0.03926797253057704
4,fuzzy_spread,0.0,FLADSVR,0.45963781986359387,0.0,1.9317193649075866,0.0,0.0,0.0,0.0,0.0,0,10,0.45963781986359387,1.9317193649075866,-0.000484319094893587,0.0028039604103324233
4,fuzzy_spread,0.0,FLADTSVR,0.4656826232795527,0.0,2.007643101410429,0.0,0.0,0.0,0.0,0.0,0,10,0.4656826232795527,2.007643101410429,0.002350485776442441,0.06111033569854965
4,fuzzy_spread,0.0,FuzzyMean,0.3129792773084751,0.0,3.256524231532204,0.0,0.0,0.0,0.0,0.0,0,10,0.3129792773084751,3.256524231532204,-0.0007889294404509665,0.018019732868712203
4,fuzzy_spread,0.0,FuzzyMedian,0.2907057575736398,0.0,3.363761643057419,0.0,0.0,0.0,0.0,0.0,0,10,0.2907057575736398,3.363761643057419,0.0018108337077350624,0.004901312183235721
4,fuzzy_spread,0.0,FuzzyNW,0.46418274613553423,0.0,1.954866114829636,0.0,0.0,0.0,0.0,0.0,0,10,0.46418274613553423,1.954866114829636,0.0027089869742629507,0.05888461444957251
4,fuzzy_spread,0.0,HaoChiangFSVR,0.2741677160897705,0.0,6.821703478626541,0.0,0.0,0.0,0.0,0.0,0,10,0.2741677160897705,6.821703478626541,0.028644325211639524,2.7068105906262963
4,fuzzy_spread,0.05,ComponentLAD,0.4319529411103978,0.0007447746699018276,1.9860083179091235,0.0029511357331714638,0.00011884066937585351,0.02750484396049263,0.0017481745989692502,0.08810208706066944,0,10,0.43207178177977373,1.9842601433101543,0.0009230718626890163,0.004426751368255299
4,fuzzy_spread,0.05,ComponentRBF_SVR,0.4728982997779213,0.0010786437443626507,1.9318603106406027,0.0019523658173378673,-0.0007648907740990008,-0.16200733934777167,-0.00122911980565187,-0.06358318380377044,0,10,0.4721334090038223,1.9330894304462547,-0.0001886203206948363,0.001973002126835743
4,fuzzy_spread,0.05,ComponentRidge,0.4398968946117939,0.0017912532836872068,1.988074874832067,0.009925569001835102,-0.00299628492390827,-0.6858047019089358,0.01058572727419107,0.5353115230626719,0,10,0.4369006096878856,1.977489147557876,0.0007630116598916504,0.03926797253057704
4,fuzzy_spread,0.05,FLADSVR,0.46131313954442027,0.0024556166657976075,1.9322147537685272,0.0032915164077125364,-0.00167531968082642,-0.36448690869772865,0.0004953888609405601,0.025644970482772984,0,10,0.45963781986359387,1.9317193649075866,-0.000484319094893587,0.0028039604103324233
4,fuzzy_spread,0.05,FLADTSVR,0.46528373957637326,0.000899953126028608,2.0065039162662743,0.00956521679489689,0.00039888370317933,0.08565569837462042,-0.0011391851441546399,-0.05674241319855704,0,10,0.4656826232795527,2.007643101410429,0.002350485776442441,0.06111033569854965
4,fuzzy_spread,0.05,FuzzyMean,0.31589479178492397,0.0006048332804722816,3.263103615467448,0.007152042817980135,-0.0029155144764488198,-0.9315359475302589,0.00657938393524423,0.2020370022595724,0,10,0.3129792773084751,3.256524231532204,-0.0007889294404509665,0.018019732868712203
4,fuzzy_spread,0.05,FuzzyMedian,0.28918896351799145,0.0013537641255284341,3.3669162598171,0.006621899410353759,0.0015167940556483927,0.5217626469830747,0.0031546167596810996,0.09378241071842994,0,10,0.2907057575736398,3.363761643057419,0.0018108337077350624,0.004901312183235721
4,fuzzy_spread,0.05,FuzzyNW,0.46311145200817005,0.002444005741685785,1.9818421402558322,0.04878267555252785,0.00107129412736423,0.2307914579512292,0.02697602542619667,1.379942351118385,0,10,0.46418274613553423,1.954866114829636,0.0027089869742629507,0.05888461444957251
4,fuzzy_spread,0.05,HaoChiangFSVR,0.22265380239513788,0.019755646875703164,11.453282793357019,2.0433672461968047,0.05151391369463258,18.789197513599824,4.6315793147304785,67.89476161257869,0,10,0.2741677160897705,6.821703478626541,0.028644325211639524,2.7068105906262963
4,fuzzy_spread,0.1,ComponentLAD,0.4296357907579055,0.0017339140037695396,1.9959701465546034,0.014719322045401296,0.0024359910218681277,0.5637931298901134,0.01171000324444888,0.5901445576039357,0,10,0.43207178177977373,1.9842601433101543,0.0009230718626890163,0.004426751368255299
4,fuzzy_spread,0.1,ComponentRBF_SVR,0.47219467617740535,0.0015663072952695183,1.9336615694457209,0.01040518005614987,-6.126717358299e-05,-0.012976665581086034,0.0005721389994662901,0.029597130399404696,0,10,0.4721334090038223,1.9330894304462547,-0.0001886203206948363,0.001973002126835743
4,fuzzy_spread,0.1,ComponentRidge,0.43956740486975826,0.001832596950162934,2.034191989042413,0.025156103835489795,-0.00266679518187268,-0.6103894393230183,0.056702841484536984,2.867416064182343,0,10,0.4369006096878856,1.977489147557876,0.0007630116598916504,0.03926797253057704
4,fuzzy_spread,0.1,FLADSVR,0.46120470654798923,0.0016313045671182602,1.9382981545746394,0.018065966429037725,-0.00156688668439535,-0.3408959438673656,0.00657878966705278,0.3405665329325679,0,10,0.45963781986359387,1.9317193649075866,-0.000484319094893587,0.0028039604103324233
4,fuzzy_spread,0.1,FLADTSVR,0.4642531257992647,0.0032750822542805405,2.0310071289354505,0.03470677715333392,0.0014294974802879373,0.30696818150970867,0.02336402752502197,1.163754031212423,0,10,0.4656826232795527,2.007643101410429,0.002350485776442441,0.06111033569854965
4,fuzzy_spread,0.1,FuzzyMean,0.3168368377461394,0.001008773757012522,3.2798411155839267,0.01426184725237042,-0.0038575604376642598,-1.2325290258314032,0.0233168840517228,0.7160052373002663,0,10,0.3129792773084751,3.256524231532204,-0.0007889294404509665,0.018019732868712203
4,fuzzy_spread,0.1,FuzzyMedian,0.2857026317163348,0.003941729745839561,3.375339663100069,0.01660547215804864,0.00500312585730503,1.721027439932176,0.01157802004265027,0.34419858691672045,0,10,0.2907057575736398,3.363761643057419,0.0018108337077350624,0.004901312183235721
4,fuzzy_spread,0.1,FuzzyNW,0.46067664479664633,0.00349670401557034,2.090495948186777,0.08580861503863146,0.00350610133888792,0.7553278031286951,0.13562983335714127,6.938062526546032,0,10,0.46418274613553423,1.954866114829636,0.0027089869742629507,0.05888461444957251
4,fuzzy_spread,0.1,HaoChiangFSVR,0.19212922109109914,0.017347559416667074,14.25593711850254,2.2197179345127207,0.08203849499867133,29.922740783896508,7.434233639875998,108.97913788203505,0,10,0.2741677160897705,6.821703478626541,0.028644325211639524,2.7068105906262963
4,fuzzy_spread,0.2,ComponentLAD,0.4283197624554809,0.002912385613090857,2.001298040396135,0.01504379205037663,0.0037520193242927104,0.8683787006033082,0.017037897085981017,0.8586523870584,0,10,0.43207178177977373,1.9842601433101543,0.0009230718626890163,0.004426751368255299
4,fuzzy_spread,0.2,ComponentRBF_SVR,0.47352523337575086,0.0023156022141404002,1.9414287619118038,0.010085414333846358,-0.00139182437192857,-0.294794722293701,0.00833933146554898,0.4313991548556487,0,10,0.4721334090038223,1.9330894304462547,-0.0001886203206948363,0.001973002126835743
4,fuzzy_spread,0.2,ComponentRidge,0.4326740825910994,0.004449935634194577,2.142070211386287,0.038799825317754055,0.00422652709678617,0.9673886927751287,0.1645810638284111,8.32272905424854,0,10,0.4369006096878856,1.977489147557876,0.0007630116598916504,0.03926797253057704
4,fuzzy_spread,0.2,FLADSVR,0.4625658057381349,0.002885770289051468,1.941368328832737,0.011279114904592515,-0.0029279858745410183,-0.637020225056766,0.009648963925150229,0.49950133028830884,0,10,0.45963781986359387,1.9317193649075866,-0.000484319094893587,0.0028039604103324233
4,fuzzy_spread,0.2,FLADTSVR,0.4581415216694831,0.0057918763884739575,2.2329471924329463,0.16545793766482866,0.00754110161006952,1.619365042432038,0.22530409102251717,11.222317894262899,0,10,0.4656826232795527,2.007643101410429,0.002350485776442441,0.06111033569854965
4,fuzzy_spread,0.2,FuzzyMean,0.31597307566003174,0.0019564719285033237,3.3307705192061716,0.014700568910098568,-0.0029937983515566,-0.956548426241629,0.0742462876739682,2.279924311787944,0,10,0.3129792773084751,3.256524231532204,-0.0007889294404509665,0.018019732868712203
4,fuzzy_spread,0.2,FuzzyMedian,0.28240314116829063,0.003907357254207915,3.388577540708461,0.013407231028256415,0.00830261640534919,2.85602062877825,0.02481589765104162,0.7377424527763443,0,10,0.2907057575736398,3.363761643057419,0.0018108337077350624,0.004901312183235721
4,fuzzy_spread,0.2,FuzzyNW,0.45120109126519736,0.005100141497833432,2.1770080945085764,0.07716944310089438,0.01298165487033687,2.7966689797096587,0.22214197967894084,11.363539323423195,0,10,0.46418274613553423,1.954866114829636,0.0027089869742629507,0.05888461444957251
4,fuzzy_spread,0.2,HaoChiangFSVR,0.14569424760099622,0.013303370713379772,19.015125127804147,1.6802780305410527,0.12847346848877425,46.85944440180124,12.193421649177607,178.74452748322315,0,10,0.2741677160897705,6.821703478626541,0.028644325211639524,2.7068105906262963
4,fuzzy_spread,0.3,ComponentLAD,0.42488721037675675,0.003756480275939626,2.0194061970376556,0.023278083590071552,0.007184571403016864,1.6628189356459426,0.03514605372750139,1.7712422358527342,0,10,0.43207178177977373,1.9842601433101543,0.0009230718626890163,0.004426751368255299
4,fuzzy_spread,0.3,ComponentRBF_SVR,0.47226537513938843,0.0034936220557509126,1.956241721358324,0.02414850563768557,-0.0001319661355661,-0.02795102677536756,0.02315229091206934,1.1976833842976766,0,10,0.4721334090038223,1.9330894304462547,-0.0001886203206948363,0.001973002126835743
4,fuzzy_spread,0.3,ComponentRidge,0.4230969529869076,0.005047782458832718,2.338046481011598,0.08601803343113183,0.013803656700977959,3.1594500888518118,0.3605573334537221,18.233087847738467,0,10,0.4369006096878856,1.977489147557876,0.0007630116598916504,0.03926797253057704
4,fuzzy_spread,0.3,FLADSVR,0.4594425803049641,0.005973694698412261,1.958137071902415,0.027367196165160732,0.00019523955862973995,0.04247682636030033,0.02641770699482828,1.3675747872461872,0,10,0.45963781986359387,1.9317193649075866,-0.000484319094893587,0.0028039604103324233
4,fuzzy_spread,0.3,FLADTSVR,0.4362982408944539,0.012472252838106396,2.7453347771930092,0.282569155563204,0.02938438238509855,6.309958954053341,0.7376916757825805,36.744164102889115,0,10,0.4656826232795527,2.007643101410429,0.002350485776442441,0.06111033569854965
4,fuzzy_spread,0.3,FuzzyMean,0.31406841428143606,0.0027331992443786705,3.4268716035456834,0.03921658856360181,-0.00108913697296092,-0.3479901232845736,0.17034737201347933,5.230956685783065,0,10,0.3129792773084751,3.256524231532204,-0.0007889294404509665,0.018019732868712203
4,fuzzy_spread,0.3,FuzzyMedian,0.28011579907124284,0.0052801215805701445,3.3916344445963937,0.021887791336098743,0.01058995850239693,3.6428444316980526,0.0278728015389747,0.8286199944191155,0,10,0.2907057575736398,3.363761643057419,0.0018108337077350624,0.004901312183235721
4,fuzzy_spread,0.3,FuzzyNW,0.44229676252664507,0.005353980073253371,2.4578536690012958,0.12097811623366189,0.02188598360888917,4.714949831956664,0.5029875541716601,25.73002572176126,0,10,0.46418274613553423,1.954866114829636,0.0027089869742629507,0.05888461444957251
4,fuzzy_spread,0.3,HaoChiangFSVR,0.13279980502716807,0.011380293052220856,20.788142218252787,1.7851927171768691,0.14136791106260244,51.56256654824905,13.966438739626245,204.73535361636974,0,10,0.2741677160897705,6.821703478626541,0.028644325211639524,2.7068105906262963
4,leverage,0.0,ComponentLAD,0.43207178177977373,0.0,1.9842601433101543,0.0,0.0,0.0,0.0,0.0,0,10,0.43207178177977373,1.9842601433101543,0.018274112431096213,0.20026739902702445
4,leverage,0.0,ComponentRBF_SVR,0.4721334090038223,0.0,1.9330894304462547,0.0,0.0,0.0,0.0,0.0,0,10,0.4721334090038223,1.9330894304462547,0.006740630008341778,0.01736228861243787
4,leverage,0.0,ComponentRidge,0.4369006096878856,0.0,1.977489147557876,0.0,0.0,0.0,0.0,0.0,0,10,0.4369006096878856,1.977489147557876,0.019708912767319654,0.2186783328349916
4,leverage,0.0,FLADSVR,0.45963781986359387,0.0,1.9317193649075866,0.0,0.0,0.0,0.0,0.0,0,10,0.45963781986359387,1.9317193649075866,0.00549045937661195,0.02518671952223865
4,leverage,0.0,FLADTSVR,0.4656826232795527,0.0,2.007643101410429,0.0,0.0,0.0,0.0,0.0,0,10,0.4656826232795527,2.007643101410429,0.005532681757186214,0.008668992245225382
4,leverage,0.0,FuzzyMean,0.3129792773084751,0.0,3.256524231532204,0.0,0.0,0.0,0.0,0.0,0,10,0.3129792773084751,3.256524231532204,0.0,0.0
4,leverage,0.0,FuzzyMedian,0.2907057575736398,0.0,3.363761643057419,0.0,0.0,0.0,0.0,0.0,0,10,0.2907057575736398,3.363761643057419,0.0,0.0
4,leverage,0.0,FuzzyNW,0.46418274613553423,0.0,1.954866114829636,0.0,0.0,0.0,0.0,0.0,0,10,0.46418274613553423,1.954866114829636,0.004347795167601401,0.05415136219660445
4,leverage,0.0,HaoChiangFSVR,0.2741677160897705,0.0,6.821703478626541,0.0,0.0,0.0,0.0,0.0,0,10,0.2741677160897705,6.821703478626541,-0.0006714064351956295,0.05859074083901404
4,leverage,0.05,ComponentLAD,0.4228966530135791,0.004755763832769129,2.1788645298635827,0.026208591756135085,0.00917512876619454,2.1235195523301122,0.19460438655342854,9.807402885631138,0,10,0.43207178177977373,1.9842601433101543,0.018274112431096213,0.20026739902702445
4,leverage,0.05,ComponentRBF_SVR,0.46984272887369966,0.00274627966288891,1.9123858999731127,0.009399419293133158,0.0022906801301226,0.48517645361209316,-0.02070353047314196,-1.0710073805722788,0,10,0.4721334090038223,1.9330894304462547,0.006740630008341778,0.01736228861243787
4,leverage,0.05,ComponentRidge,0.4065999853910328,0.0036550664494720965,2.3980218524082435,0.021305050282351454,0.030300624296852742,6.935358666241973,0.4205327048503674,21.265993058404867,0,10,0.4369006096878856,1.977489147557876,0.019708912767319654,0.2186783328349916
4,leverage,0.05,FLADSVR,0.4617795865096411,0.0018431394163291577,1.9156726053971582,0.009694681224760368,-0.00214176664604729,-0.46596832407806266,-0.016046759510428228,-0.8306982785357109,0,10,0.45963781986359387,1.9317193649075866,0.00549045937661195,0.02518671952223865
4,leverage,0.05,FLADTSVR,0.46581348106874343,0.003321312828867322,1.986140915526914,0.02100002971532285,-0.00013085778919077806,-0.02810020873641894,-0.0215021858835146,-1.0710163508847115,0,10,0.4656826232795527,2.007643101410429,0.005532681757186214,0.008668992245225382
4,leverage,0.05,FuzzyMean,0.3129792773084751,0.0,3.256524231532204,0.0,0.0,0.0,0.0,0.0,0,10,0.3129792773084751,3.256524231532204,0.0,0.0
4,leverage,0.05,FuzzyMedian,0.2907057575736398,0.0,3.363761643057419,0.0,0.0,0.0,0.0,0.0,0,10,0.2907057575736398,3.363761643057419,0.0,0.0
4,leverage,0.05,FuzzyNW,0.46140476745773656,0.002526262875679137,2.0044087841462406,0.030660606948691792,0.0027779786777977584,0.5984665955219819,0.049542669316605156,2.534325442585248,0,10,0.46418274613553423,1.954866114829636,0.004347795167601401,0.05415136219660445
4,leverage,0.05,HaoChiangFSVR,0.27366349915396115,0.002039888213259323,6.953537829377896,0.04178983922617607,0.0005042169358093374,0.18390820881487085,0.13183435075135552,1.9325722843922057,0,10,0.2741677160897705,6.821703478626541,-0.0006714064351956295,0.05859074083901404
4,leverage,0.1,ComponentLAD,0.3977889858937468,0.004417491293115546,2.5001568370765206,0.033846451906269975,0.0342827958860268,7.93451397006545,0.5158966937663664,25.99944848490201,0,10,0.43207178177977373,1.9842601433101543,0.018274112431096213,0.20026739902702445
4,leverage,0.1,ComponentRBF_SVR,0.4559162650803117,0.003604091702034359,1.9311127187745658,0.02238448921690106,0.01621714392351059,3.434864725571525,-0.00197671167168897,-0.1022566075089788,0,10,0.4721334090038223,1.9330894304462547,0.006740630008341778,0.01736228861243787
4,leverage,0.1,ComponentRidge,0.37489107179704445,0.0032799483660903178,2.69645813338449,0.022120867449210192,0.062009537890841036,14.193053640996208,0.7189689858266141,36.35767036772432,0,10,0.4369006096878856,1.977489147557876,0.019708912767319654,0.2186783328349916
4,leverage,0.1,FLADSVR,0.44662550667722434,0.004345095695469235,1.9439136930323682,0.028450832934288153,0.0130123131863695,2.830992712965002,0.012194328124781351,0.6312680996167751,0,10,0.45963781986359387,1.9317193649075866,0.00549045937661195,0.02518671952223865
4,leverage,0.1,FLADTSVR,0.4540961175119757,0.005251822696083727,2.0030334883364853,0.023893334041175718,0.01158650576757686,2.4880691673611013,-0.004609613073943419,-0.2296032133751781,0,10,0.4656826232795527,2.007643101410429,0.005532681757186214,0.008668992245225382
4,leverage,0.1,FuzzyMean,0.3129792773084751,0.0,3.256524231532204,0.0,0.0,0.0,0.0,0.0,0,10,0.3129792773084751,3.256524231532204,0.0,0.0
4,leverage,0.1,FuzzyMedian,0.2907057575736398,0.0,3.363761643057419,0.0,0.0,0.0,0.0,0.0,0,10,0.2907057575736398,3.363761643057419,0.0,0.0
4,leverage,0.1,FuzzyNW,0.45788846659666416,0.0019445916344999028,2.1032144988381307,0.03925164844808701,0.00629427953887015,1.3559917061269573,0.14834838400849523,7.58867233326737,0,10,0.46418274613553423,1.954866114829636,0.004347795167601401,0.05415136219660445
4,leverage,0.1,HaoChiangFSVR,0.2755622477086924,0.002469238175871725,7.002036123644837,0.05593082134006833,-0.001394531618921957,-0.5086418046628608,0.18033264501829588,2.6435133919746896,0,10,0.2741677160897705,6.821703478626541,-0.0006714064351956295,0.05859074083901404
4,leverage,0.2,ComponentLAD,0.3358755288629851,0.00423076511874023,2.951641536986274,0.0390124145505848,0.0961962529167885,22.26395172592401,0.9673813936761201,48.75275033556482,0,10,0.43207178177977373,1.9842601433101543,0.018274112431096213,0.20026739902702445
4,leverage,0.2,ComponentRBF_SVR,0.4405904157733473,0.003782667746220704,1.9927241526512465,0.016583857939482798,0.031542993230475,6.680949203961052,0.05963472220499183,3.084943783031557,0,10,0.4721334090038223,1.9330894304462547,0.006740630008341778,0.01736228861243787
4,leverage,0.2,ComponentRidge,0.35115755024054857,0.002230244408223757,2.8953610283512123,0.01832258475738054,0.08574305944733691,19.62530093711482,0.9178718807933363,46.41602619801344,0,10,0.4369006096878856,1.977489147557876,0.019708912767319654,0.2186783328349916
4,leverage,0.2,FLADSVR,0.4334868839832241,0.004592802735310501,2.0179945860869415,0.023038756173745515,0.02615093588036966,5.68946565104901,0.08627522117935515,4.466239907652559,0,10,0.45963781986359387,1.9317193649075866,0.00549045937661195,0.02518671952223865
4,leverage,0.2,FLADTSVR,0.436495673200445,0.004359537685530368,2.04574591576083,0.02511774951829428,0.02918695007910758,6.26756263172536,0.03810281435040141,1.8978878428956374,0,10,0.4656826232795527,2.007643101410429,0.005532681757186214,0.008668992245225382
4,leverage,0.2,FuzzyMean,0.3129792773084751,0.0,3.256524231532204,0.0,0.0,0.0,0.0,0.0,0,10,0.3129792773084751,3.256524231532204,0.0,0.0
4,leverage,0.2,FuzzyMedian,0.2907057575736398,0.0,3.363761643057419,0.0,0.0,0.0,0.0,0.0,0,10,0.2907057575736398,3.363761643057419,0.0,0.0
4,leverage,0.2,FuzzyNW,0.44469297168682076,0.0038654665629174892,2.188007843621404,0.032348557046928496,0.01948977444871351,4.198728757363773,0.23314172879176867,11.926224871522045,0,10,0.46418274613553423,1.954866114829636,0.004347795167601401,0.05415136219660445
4,leverage,0.2,HaoChiangFSVR,0.2782499846992119,0.0029698652130153665,7.0689002223777235,0.06580614572605836,-0.004082268609441442,-1.4889676536915046,0.2471967437511829,3.623680573711372,0,10,0.2741677160897705,6.821703478626541,-0.0006714064351956295,0.05859074083901404
4,leverage,0.3,ComponentLAD,0.31958136158666106,0.004100521432291914,3.086395909295425,0.020826530473198775,0.11249042019311258,26.03512308296236,1.102135765985271,55.543914929757236,0,10,0.43207178177977373,1.9842601433101543,0.018274112431096213,0.20026739902702445
4,leverage,0.3,ComponentRBF_SVR,0.42702319131332517,0.004124088118663971,2.1847343562657042,0.05194579861367641,0.04511021769049709,9.55454895379622,0.25164492581944925,13.017759129817236,0,10,0.4721334090038223,1.9330894304462547,0.006740630008341778,0.01736228861243787
4,leverage,0.3,ComponentRidge,0.3375234043692805,0.0026469122913999844,3.016325859080747,0.018858111834391556,0.09937720531860499,22.745952538175317,1.0388367115228712,52.533118212344924,0,10,0.4369006096878856,1.977489147557876,0.019708912767319654,0.2186783328349916
4,leverage,0.3,FLADSVR,0.4195072072256011,0.0054077334549126966,2.260658580316906,0.05299605723536166,0.04013061263799271,8.730920499514657,0.32893921540931903,17.028312775911708,0,10,0.45963781986359387,1.9317193649075866,0.00549045937661195,0.02518671952223865
4,leverage,0.3,FLADTSVR,0.43065178915621793,0.0034262526155626892,2.1332339231085635,0.04701469109732971,0.03503083412333462,7.522469676156544,0.12559082169813457,6.255634859099375,0,10,0.4656826232795527,2.007643101410429,0.005532681757186214,0.008668992245225382
4,leverage,0.3,FuzzyMean,0.3129792773084751,0.0,3.256524231532204,0.0,0.0,0.0,0.0,0.0,0,10,0.3129792773084751,3.256524231532204,0.0,0.0
4,leverage,0.3,FuzzyMedian,0.2907057575736398,0.0,3.363761643057419,0.0,0.0,0.0,0.0,0.0,0,10,0.2907057575736398,3.363761643057419,0.0,0.0
4,leverage,0.3,FuzzyNW,0.4284257896670362,0.0055529963409823085,2.2995446558488393,0.04447047075718878,0.03575695646849803,7.703206714636823,0.3446785410192037,17.63182339723772,0,10,0.46418274613553423,1.954866114829636,0.004347795167601401,0.05415136219660445
4,leverage,0.3,HaoChiangFSVR,0.2778437270822266,0.004731344293089108,7.096791489625657,0.09461876706409057,-0.003676010992456108,-1.3407891508468033,0.2750880109991158,4.032541312606292,0,10,0.2741677160897705,6.821703478626541,-0.0006714064351956295,0.05859074083901404
4,response_center,0.0,ComponentLAD,0.43207178177977373,0.0,1.9842601433101543,0.0,0.0,0.0,0.0,0.0,0,10,0.43207178177977373,1.9842601433101543,-4.3270015935063284e-05,-0.0004043274136614702
4,response_center,0.0,ComponentRBF_SVR,0.4721334090038223,0.0,1.9330894304462547,0.0,0.0,0.0,0.0,0.0,0,10,0.4721334090038223,1.9330894304462547,0.0030029972466695315,0.0060846127653804045
4,response_center,0.0,ComponentRidge,0.4369006096878856,0.0,1.977489147557876,0.0,0.0,0.0,0.0,0.0,0,10,0.4369006096878856,1.977489147557876,0.004686865495722963,0.014520070405090433
4,response_center,0.0,FLADSVR,0.45963781986359387,0.0,1.9317193649075866,0.0,0.0,0.0,0.0,0.0,0,10,0.45963781986359387,1.9317193649075866,0.0009968143034669744,0.003485682708973751
4,response_center,0.0,FLADTSVR,0.4656826232795527,0.0,2.007643101410429,0.0,0.0,0.0,0.0,0.0,0,10,0.4656826232795527,2.007643101410429,0.023536269899266455,0.11730846145660967
4,response_center,0.0,FuzzyMean,0.3129792773084751,0.0,3.256524231532204,0.0,0.0,0.0,0.0,0.0,0,10,0.3129792773084751,3.256524231532204,0.0023865688136707392,0.003814128442838398
4,response_center,0.0,FuzzyMedian,0.2907057575736398,0.0,3.363761643057419,0.0,0.0,0.0,0.0,0.0,0,10,0.2907057575736398,3.363761643057419,0.0005580130344803342,2.2832612737533998e-05
4,response_center,0.0,FuzzyNW,0.46418274613553423,0.0,1.954866114829636,0.0,0.0,0.0,0.0,0.0,0,10,0.46418274613553423,1.954866114829636,0.01941442611677619,0.05688437611037091
4,response_center,0.0,HaoChiangFSVR,0.2741677160897705,0.0,6.821703478626541,0.0,0.0,0.0,0.0,0.0,0,10,0.2741677160897705,6.821703478626541,0.023831995075647334,1.1389158840471714
4,response_center,0.05,ComponentLAD,0.43216924388195743,0.0029735987328930705,1.9809682200543235,0.003963150420973064,-9.746210218370998e-05,-0.022556923708897437,-0.0032919232558305104,-0.16590179805451105,0,10,0.43207178177977373,1.9842601433101543,-4.3270015935063284e-05,-0.0004043274136614702
4,response_center,0.05,ComponentRBF_SVR,0.47217130304004995,0.0026926316608484493,1.938960169007149,0.014852016684605545,-3.789403622765011e-05,-0.00802612895105276,0.00587073856089439,0.303697204507458,0,10,0.4721334090038223,1.9330894304462547,0.0030029972466695315,0.0060846127653804045
4,response_center,0.05,ComponentRidge,0.4360816246194372,0.003916497309848503,1.9890370650493718,0.009456206701043334,0.0008189850684483201,0.18745340479918668,0.011547917491496,0.5839686910928072,0,10,0.4369006096878856,1.977489147557876,0.004686865495722963,0.014520070405090433
4,response_center,0.05,FLADSVR,0.4599712032457336,0.003469252893936239,1.9358149865362848,0.012198886609616957,-0.0003333833821397185,-0.07253175603318744,0.00409562162869812,0.2120194942961632,0,10,0.45963781986359387,1.9317193649075866,0.0009968143034669744,0.003485682708973751
4,response_center,0.05,FLADTSVR,0.4589178292662187,0.005202600151302507,2.0288645866431123,0.047179595673921285,0.0067647940133337995,1.4526618935645559,0.02122148523268355,1.057034749740869,0,10,0.4656826232795527,2.007643101410429,0.023536269899266455,0.11730846145660967
4,response_center,0.05,FuzzyMean,0.3088888940080209,0.003105633856684517,3.259120094355697,0.007426411126614269,0.00409038330045418,1.3069182521061031,0.00259586282349353,0.07971268256991204,0,10,0.3129792773084751,3.256524231532204,0.0023865688136707392,0.003814128442838398
4,response_center,0.05,FuzzyMedian,0.2897119516483964,0.0008963777210504372,3.3607642189576863,0.004192731206219154,0.0009938059252434254,0.34185973251379864,-0.0029974240997325497,-0.08910928947415363,0,10,0.2907057575736398,3.363761643057419,0.0005580130344803342,2.2832612737533998e-05
4,response_center,0.05,FuzzyNW,0.43228277194977893,0.010904593164332153,2.0393317951236605,0.06862379905253033,0.0318999741857553,6.872287789956123,0.08446568029402488,4.320791058439623,0,10,0.46418274613553423,1.954866114829636,0.01941442611677619,0.05688437611037091
4,response_center,0.05,HaoChiangFSVR,0.2000082670984744,0.010097599464551603,10.108046404658541,0.5146914028932555,0.07415944899129603,27.04893561100902,3.286342926032,48.174813466000444,0,10,0.2741677160897705,6.821703478626541,0.023831995075647334,1.1389158840471714
4,response_center,0.1,ComponentLAD,0.4317564310177673,0.004673068409254807,1.9836796038643687,0.009620715883644718,0.0003153507620063889,0.07298573415450069,-0.00058053944578521,-0.02925722455004124,0,10,0.43207178177977373,1.9842601433101543,-4.3270015935063284e-05,-0.0004043274136614702
4,response_center,0.1,ComponentRBF_SVR,0.4653072447234651,0.005320504319387118,1.9469392710272562,0.02342128423220515,0.006826164280357169,1.445812592411132,0.01384984058100141,0.7164614509223304,0,10,0.4721334090038223,1.9330894304462547,0.0030029972466695315,0.0060846127653804045
4,response_center,0.1,ComponentRidge,0.42338524105255004,0.013864179107287872,2.0137823440646265,0.03583978196414671,0.013515368635335482,3.0934652723397793,0.03629319650675037,1.8353171015664547,0,10,0.4369006096878856,1.977489147557876,0.004686865495722963,0.014520070405090433
4,response_center,0.1,FLADSVR,0.4580152381120663,0.0037954459900117654,1.937919792813468,0.009151103693556817,0.00162258175152756,0.3530131075830726,0.006200427905881189,0.3209797457395075,0,10,0.45963781986359387,1.9317193649075866,0.0009968143034669744,0.003485682708973751
4,response_center,0.1,FLADTSVR,0.44290448332043486,0.009065836701302898,2.060989127800365,0.06314297426432644,0.02277813995911771,4.891344194615543,0.05334602638993633,2.6571468978953074,0,10,0.4656826232795527,2.007643101410429,0.023536269899266455,0.11730846145660967
4,response_center,0.1,FuzzyMean,0.3061154507767977,0.004368564559503014,3.266954206440692,0.015189355136147418,0.0068638265316773904,2.1930610201110463,0.010429974908487748,0.32027935820334585,0,10,0.3129792773084751,3.256524231532204,0.0023865688136707392,0.003814128442838398
4,response_center,0.1,FuzzyMedian,0.2901716923569667,0.0016232327942241357,3.3655182150309324,0.007304021740146329,0.000534065216673136,0.18371332619301842,0.0017565719735133701,0.05222046505996778,0,10,0.2907057575736398,3.363761643057419,0.0005580130344803342,2.2832612737533998e-05
4,response_center,0.1,FuzzyNW,0.40694401804038627,0.012251624690472496,2.0972734024251007,0.05198475623320661,0.05723872809514798,12.331076191796923,0.1424072875954652,7.284759120594602,0,10,0.46418274613553423,1.954866114829636,0.01941442611677619,0.05688437611037091
4,response_center,0.1,HaoChiangFSVR,0.18420882069441322,0.007382337291670175,11.005605702424672,0.3455903461437255,0.08995889539535726,32.811629566882374,4.183902223798132,61.332220564950504,0,10,0.2741677160897705,6.821703478626541,0.023831995075647334,1.1389158840471714
4,response_center,0.2,ComponentLAD,0.4327757269481838,0.00409042703572192,1.9831910301084545,0.007515846142369557,-0.00070394516841016,-0.16292319889776563,-0.00106911320169986,-0.053879689379657994,0,10,0.43207178177977373,1.9842601433101543,-4.3270015935063284e-05,-0.0004043274136614702
4,response_center,0.2,ComponentRBF_SVR,0.45939476987345457,0.005716971063920196,1.9618682672167789,0.023551471869660882,0.01273863913036768,2.6981016143817507,0.028778836770524056,1.4887483381397673,0,10,0.4721334090038223,1.9330894304462547,0.0030029972466695315,0.0060846127653804045
4,response_center,0.2,ComponentRidge,0.4186920411571502,0.010539737330294032,2.0288861338538635,0.026371177803486662,0.01820856853073531,4.1676683728464585,0.051396986295987344,2.599103330577602,0,10,0.4369006096878856,1.977489147557876,0.004686865495722963,0.014520070405090433
4,response_center,0.2,FLADSVR,0.45730865655768377,0.003758451072956824,1.948780888660264,0.0203962267731482,0.0023291633059100893,0.5067388289765464,0.01706152375267719,0.8832299381899824,0,10,0.45963781986359387,1.9317193649075866,0.0009968143034669744,0.003485682708973751
4,response_center,0.2,FLADTSVR,0.3842284019763684,0.0227497324571729,2.3901210333865035,0.2010370129638495,0.08145422130318414,17.491359400431527,0.3824779319760747,19.051091885174845,0,10,0.4656826232795527,2.007643101410429,0.023536269899266455,0.11730846145660967
4,response_center,0.2,FuzzyMean,0.30405330226424443,0.005961305556087805,3.2713644221212315,0.013062845689686822,0.00892597504423066,2.8519380327641213,0.0148401905890275,0.45570643833487445,0,10,0.3129792773084751,3.256524231532204,0.0023865688136707392,0.003814128442838398
4,response_center,0.2,FuzzyMedian,0.28832872379087277,0.0030140909975383476,3.366493232429652,0.007384433696557034,0.00237703378276706,0.817676884904818,0.0027315893722330903,0.08120638921818138,0,10,0.2907057575736398,3.363761643057419,0.0005580130344803342,2.2832612737533998e-05
4,response_center,0.2,FuzzyNW,0.38098414713011935,0.012575221843214456,2.2007625775707234,0.10431781358450416,0.08319859900541492,17.923673315751,0.24589646274108765,12.578685613081861,0,10,0.46418274613553423,1.954866114829636,0.01941442611677619,0.05688437611037091
4,response_center,0.2,HaoChiangFSVR,0.1826472780780688,0.007395912189481051,11.310090408091275,0.420327693478297,0.09152043801170169,33.38118700370077,4.488386929464734,65.79569082015288,0,10,0.2741677160897705,6.821703478626541,0.023831995075647334,1.1389158840471714
4,response_center,0.3,ComponentLAD,0.43190485580248045,0.005232376498809257,1.9824745538648325,0.017608575915586178,0.00016692597729318082,0.03863385306154254,-0.0017855894453213603,-0.08998766877122456,0,10,0.43207178177977373,1.9842601433101543,-4.3270015935063284e-05,-0.0004043274136614702
4,response_center,0.3,ComponentRBF_SVR,0.4477520947154751,0.008753857834984882,1.9705785127804183,0.023210644574509366,0.02438131428834717,5.164073082604037,0.037489082334163495,1.9393351256133649,0,10,0.4721334090038223,1.9330894304462547,0.0030029972466695315,0.0060846127653804045
4,response_center,0.3,ComponentRidge,0.40067247485634844,0.01714987283737734,2.0991088708160883,0.07024508257019646,0.03622813483153709,8.29207696858512,0.12161972325821244,6.150209390954597,0,10,0.4369006096878856,1.977489147557876,0.004686865495722963,0.014520070405090433
4,response_center,0.3,FLADSVR,0.4464603496512261,0.009147234155790234,1.9539137080941873,0.020324490016035802,0.01317747021236769,2.8669247052556286,0.02219434318660075,1.1489424183342796,0,10,0.45963781986359387,1.9317193649075866,0.0009968143034669744,0.003485682708973751
4,response_center,0.3,FLADTSVR,0.19879767185260205,0.04932669887685719,3.487615941772885,0.27236722137716207,0.2668849514269505,57.310481019760445,1.4799728403624561,73.71692903597912,0,10,0.4656826232795527,2.007643101410429,0.023536269899266455,0.11730846145660967
4,response_center,0.3,FuzzyMean,0.29748597422149187,0.006983541009774933,3.2848855940246913,0.033990263045305356,0.015493303086983202,4.950264829103338,0.02836136249248781,0.8709089960968519,0,10,0.3129792773084751,3.256524231532204,0.0023865688136707392,0.003814128442838398
4,response_center,0.3,FuzzyMedian,0.2860944681998204,0.0034420761413383465,3.3591176827071663,0.007579866711685462,0.004611289373819433,1.5862394375355142,-0.004643960350253006,-0.13805854406592194,0,10,0.2907057575736398,3.363761643057419,0.0005580130344803342,2.2832612737533998e-05
4,response_center,0.3,FuzzyNW,0.3600494881393174,0.021262341843152434,2.3026840998676557,0.0762578338169118,0.1041332579962168,22.43367700828146,0.34781798503802025,17.79241976723977,0,10,0.46418274613553423,1.954866114829636,0.01941442611677619,0.05688437611037091
4,response_center,0.3,HaoChiangFSVR,0.18966648268455905,0.007434556611958572,11.061051038911303,0.35504673206661463,0.0845012334052114,30.821000594228696,4.239347560284761,62.14499902505727,0,10,0.2741677160897705,6.821703478626541,0.023831995075647334,1.1389158840471714
5,fuzzy_spread,0.0,ComponentLAD,0.0402086083364612,0.0,6.73633887141249,0.0,0.0,0.0,0.0,0.0,0,10,0.0402086083364612,6.73633887141249,-7.27719305888385e-05,0.11087378794887211
5,fuzzy_spread,0.0,ComponentRBF_SVR,0.0902149730028418,0.0,1.5897189355646797,0.0,0.0,0.0,0.0,0.0,0,10,0.0902149730028418,1.5897189355646797,-0.002853798852350825,0.005596969215562201
5,fuzzy_spread,0.0,ComponentRidge,0.0849378925279298,0.0,1.6553858104793782,0.0,0.0,0.0,0.0,0.0,0,10,0.0849378925279298,1.6553858104793782,-0.002171102320369083,0.010509487336526258
5,fuzzy_spread,0.0,FLADSVR,0.0947633658992355,0.0,1.6274722736072902,0.0,0.0,0.0,0.0,0.0,0,10,0.0947633658992355,1.6274722736072902,-0.0031733542244882828,0.0052938514826663735
5,fuzzy_spread,0.0,FLADTSVR,0.0944348661352405,0.0,1.627660513404028,0.0,0.0,0.0,0.0,0.0,0,10,0.0944348661352405,1.627660513404028,-0.003549286372663774,0.006193480988482344
5,fuzzy_spread,0.0,FuzzyMean,0.0939020195857506,0.0,1.6266145824994935,0.0,0.0,0.0,0.0,0.0,0,10,0.0939020195857506,1.6266145824994935,-0.00359041238227425,0.006234236029391719
5,fuzzy_spread,0.0,FuzzyMedian,0.2122810430825181,0.0,1.6817030058842135,0.0,0.0,0.0,0.0,0.0,0,10,0.2122810430825181,1.6817030058842135,0.0006715951951930247,-0.0008645831673789465
5,fuzzy_spread,0.0,FuzzyNW,0.0860989698548095,0.0,1.980070838656123,0.0,0.0,0.0,0.0,0.0,0,10,0.0860989698548095,1.980070838656123,-0.002822784648418533,0.022747387973220776
5,fuzzy_spread,0.0,HaoChiangFSVR,0.11076996134167912,0.0,1.6323271560696504,0.0,0.0,0.0,0.0,0.0,0,10,0.11076996134167912,1.6323271560696504,-0.0021602205513568196,0.011252241410887622
5,fuzzy_spread,0.05,ComponentLAD,0.03261796321432988,0.01058392038455928,6.895529004284969,0.11835925511518042,0.007590645122131349,18.878159270307652,0.15919013287247846,2.3631550596132525,0,10,0.0402086083364612,6.73633887141249,-7.27719305888385e-05,0.11087378794887211
5,fuzzy_spread,0.05,ComponentRBF_SVR,0.09286904763410506,0.004571530374861417,1.5926970552021835,0.0037604991593269553,-0.00265407463126323,-2.941944715961533,0.00297811963750398,0.18733623729820734,0,10,0.0902149730028418,1.5897189355646797,-0.002853798852350825,0.005596969215562201
5,fuzzy_spread,0.05,ComponentRidge,0.08922789637083882,0.007414638240222084,1.663214674808288,0.006553872810663237,-0.00429000384290902,-5.05075380990686,0.007828864328909859,0.47293291263882253,0,10,0.0849378925279298,1.6553858104793782,-0.002171102320369083,0.010509487336526258
5,fuzzy_spread,0.05,FLADSVR,0.09803601730655605,0.004983461358873769,1.6301412309506556,0.00509771663645541,-0.00327265140732052,-3.4534984867468994,0.002668957343365581,0.16399402844816932,0,10,0.0947633658992355,1.6274722736072902,-0.0031733542244882828,0.0052938514826663735
5,fuzzy_spread,0.05,FLADTSVR,0.09813565083591402,0.005003316533391208,1.630462638339787,0.004861747845418634,-0.00370078470067349,-3.9188753604771405,0.00280212493575892,0.17215659608886713,0,10,0.0944348661352405,1.627660513404028,-0.003549286372663774,0.006193480988482344
5,fuzzy_spread,0.05,FuzzyMean,0.09761173497216738,0.00498552481880697,1.629467758553922,0.004958552741238484,-0.0037097153864167204,-3.950623642369112,0.0028531760544283297,0.1754057835903639,0,10,0.0939020195857506,1.6266145824994935,-0.00359041238227425,0.006234236029391719
5,fuzzy_spread,0.05,FuzzyMedian,0.21168293285470297,0.005658656422950669,1.6768960413469336,0.0046745784102348595,0.0005981102278151101,0.28175395180370016,-0.00480696453727978,-0.2858390881422249,0,10,0.2122810430825181,1.6817030058842135,0.0006715951951930247,-0.0008645831673789465
5,fuzzy_spread,0.05,FuzzyNW,0.09099247846731785,0.011399178565703801,2.022617558618294,0.03946348849157316,-0.00489350861250838,-5.683585553648825,0.04254671996217102,2.148747364566391,0,10,0.0860989698548095,1.980070838656123,-0.002822784648418533,0.022747387973220776
5,fuzzy_spread,0.05,HaoChiangFSVR,0.11461294991694441,0.010231351699420988,1.6247464478179434,0.01235896620787904,-0.0038429885752652992,-3.469341804147862,-0.007580708251707069,-0.464411084721524,0,10,0.11076996134167912,1.6323271560696504,-0.0021602205513568196,0.011252241410887622
5,fuzzy_spread,0.1,ComponentLAD,0.04351924187319506,0.013918061052454606,6.977937896447214,0.1589022333433127,-0.00331063353673382,-8.233643674087942,0.24159902503472508,3.586503435271304,0,10,0.0402086083364612,6.73633887141249,-7.27719305888385e-05,0.11087378794887211
5,fuzzy_spread,0.1,ComponentRBF_SVR,0.09375378992775518,0.005482582816809684,1.5990394508099781,0.007300049625521578,-0.0035388169249133358,-3.9226492090197587,0.00932051524529845,0.5862995676017266,0,10,0.0902149730028418,1.5897189355646797,-0.002853798852350825,0.005596969215562201
5,fuzzy_spread,0.1,ComponentRidge,0.08975384291794958,0.0038429633595174865,1.673135754804067,0.014817679224092543,-0.0048159503900197295,-5.669966897796699,0.01774994432468881,1.0722542269193855,0,10,0.0849378925279298,1.6553858104793782,-0.002171102320369083,0.010509487336526258
5,fuzzy_spread,0.1,FLADSVR,0.10016138611735907,0.005735515876256318,1.636623592009223,0.007261453357402829,-0.00539802021812352,-5.696315413556975,0.0091513184019326,0.5623025688572116,0,10,0.0947633658992355,1.6274722736072902,-0.0031733542244882828,0.0052938514826663735
5,fuzzy_spread,0.1,FLADTSVR,0.10073309610983379,0.005903433827453479,1.6379023420422196,0.008001364150938951,-0.00629822997459326,-6.669390482931976,0.01024182863819172,0.6292361677296199,0,10,0.0944348661352405,1.627660513404028,-0.003549286372663774,0.006193480988482344
5,fuzzy_spread,0.1,FuzzyMean,0.10027075369455936,0.005952333796963164,1.6369425031372171,0.008048735087926705,-0.006368734108808678,-6.782318566634044,0.01032792063772329,0.6349334838651958,0,10,0.0939020195857506,1.6266145824994935,-0.00359041238227425,0.006234236029391719
5,fuzzy_spread,0.1,FuzzyMedian,0.21053399896169753,0.006840983360890367,1.6797056313532337,0.005425454433978338,0.00174704412082055,0.8229864030493917,-0.00199737453097974,-0.11877094373923391,0,10,0.2122810430825181,1.6817030058842135,0.0006715951951930247,-0.0008645831673789465
5,fuzzy_spread,0.1,FuzzyNW,0.08905144461792948,0.014052743111748764,2.0488220344006853,0.054915951847576486,-0.00295247476311999,-3.4291638658381522,0.06875119574456236,3.4721583896071073,0,10,0.0860989698548095,1.980070838656123,-0.002822784648418533,0.022747387973220776
5,fuzzy_spread,0.1,HaoChiangFSVR,0.1168713890082983,0.01053338789893031,1.62816676379998,0.017114313222117695,-0.006101427666619174,-5.508196981128139,-0.004160392269670621,-0.25487490385739187,0,10,0.11076996134167912,1.6323271560696504,-0.0021602205513568196,0.011252241410887622
5,fuzzy_spread,0.2,ComponentLAD,0.04022480181786712,0.0134692188095808,7.212791163113899,0.2515157776823565,-1.6193481405880026e-05,-0.04027366794288092,0.476452291701409,7.072867039444313,0,10,0.0402086083364612,6.73633887141249,-7.27719305888385e-05,0.11087378794887211
5,fuzzy_spread,0.2,ComponentRBF_SVR,0.10570749556066383,0.008145584184727352,1.6178961841649262,0.01741590314416924,-0.01549252255782195,-17.172894966486304,0.028177248600246542,1.772467319214376,0,10,0.0902149730028418,1.5897189355646797,-0.002853798852350825,0.005596969215562201
5,fuzzy_spread,0.2,ComponentRidge,0.09668751202136196,0.008900497840433511,1.705011183536548,0.014553122034160081,-0.0117496194934321,-13.833189338396341,0.04962537305716974,2.9978131226580302,0,10,0.0849378925279298,1.6553858104793782,-0.002171102320369083,0.010509487336526258
5,fuzzy_spread,0.2,FLADSVR,0.11093058046638413,0.007065983793917074,1.6543508933241333,0.014812593742998724,-0.01616721456714856,-17.060616635694057,0.02687861971684307,1.6515562294199142,0,10,0.0947633658992355,1.6274722736072902,-0.0031733542244882828,0.0052938514826663735
5,fuzzy_spread,0.2,FLADTSVR,0.11232068228271655,0.007646050275003284,1.658299530012935,0.014555937173298663,-0.01788581614747601,-18.939843809236415,0.03063901660890685,1.8823960129640056,0,10,0.0944348661352405,1.627660513404028,-0.003549286372663774,0.006193480988482344
5,fuzzy_spread,0.2,FuzzyMean,0.11199451796135027,0.0076988017737490665,1.657511719164955,0.014776196824505353,-0.01809249837559957,-19.267421995197527,0.030897136665461362,1.8994749584738233,0,10,0.0939020195857506,1.6266145824994935,-0.00359041238227425,0.006234236029391719
5,fuzzy_spread,0.2,FuzzyMedian,0.21092804439572127,0.011569292692213766,1.6776974448457032,0.004568437393768232,0.00135299868679677,0.6373619929269146,-0.00400556103851049,-0.23818480578884643,0,10,0.2122810430825181,1.6817030058842135,0.0006715951951930247,-0.0008645831673789465
5,fuzzy_spread,0.2,FuzzyNW,0.10123798265619266,0.010371132137646438,2.0681179699796224,0.05701341430936839,-0.015139012801383139,-17.583268216695767,0.0880471313234994,4.44666572551804,0,10,0.0860989698548095,1.980070838656123,-0.002822784648418533,0.022747387973220776
5,fuzzy_spread,0.2,HaoChiangFSVR,0.11619480320475432,0.013120085881413748,1.6579869998939507,0.07140057329009,-0.0054248418630752195,-4.897394381444122,0.025659843824300043,1.5719792278702462,0,10,0.11076996134167912,1.6323271560696504,-0.0021602205513568196,0.011252241410887622
5,fuzzy_spread,0.3,ComponentLAD,0.0442563548024569,0.011645301820331161,7.479321376562548,0.3757073543406096,-0.004047746465995631,-10.066865364064727,0.7429825051500584,11.029470448749384,0,10,0.0402086083364612,6.73633887141249,-7.27719305888385e-05,0.11087378794887211
5,fuzzy_spread,0.3,ComponentRBF_SVR,0.10834360491558123,0.01109419577858481,1.628344930169979,0.015828345926015126,-0.01812863191273938,-20.094925830292432,0.038625994605299294,2.429737341687959,0,10,0.0902149730028418,1.5897189355646797,-0.002853798852350825,0.005596969215562201
5,fuzzy_spread,0.3,ComponentRidge,0.0933467705205087,0.011131965364840185,1.731871030279621,0.028201840351576284,-0.00840887799257886,-9.900031355044302,0.07648521980024262,4.620386336288187,0,10,0.0849378925279298,1.6553858104793782,-0.002171102320369083,0.010509487336526258
5,fuzzy_spread,0.3,FLADSVR,0.1145263395201983,0.010602297426313223,1.6631961288806671,0.014573502798757132,-0.01976297362096274,-20.855077733284915,0.03572385527337687,2.1950515442081873,0,10,0.0947633658992355,1.6274722736072902,-0.0031733542244882828,0.0052938514826663735
5,fuzzy_spread,0.3,FLADTSVR,0.11650083163100064,0.010992091601921168,1.6720872320628146,0.01800137162890738,-0.022065965495760082,-23.366333218664572,0.0444267186587867,2.7294831012318648,0,10,0.0944348661352405,1.627660513404028,-0.003549286372663774,0.006193480988482344
5,fuzzy_spread,0.3,FuzzyMean,0.11626245393040682,0.011072125494410322,1.6711599727453919,0.0178526528878884,-0.02236043434465613,-23.812516965342557,0.0445453902458984,2.7385338066654348,0,10,0.0939020195857506,1.6266145824994935,-0.00359041238227425,0.006234236029391719
5,fuzzy_spread,0.3,FuzzyMedian,0.20477381296129699,0.012653663122864103,1.680225490947405,0.005754184038246297,0.00750723012122102,3.536458089808247,-0.00147751493680856,-0.08785825628180471,0,10,0.2122810430825181,1.6817030058842135,0.0006715951951930247,-0.0008645831673789465
5,fuzzy_spread,0.3,FuzzyNW,0.10295441646322552,0.019458916196539833,2.113250821894525,0.08055114654775948,-0.01685544660841602,-19.576827268479207,0.1331799832384022,6.726021142192654,0,10,0.0860989698548095,1.980070838656123,-0.002822784648418533,0.022747387973220776
5,fuzzy_spread,0.3,HaoChiangFSVR,0.13012955856747102,0.013675639273772177,1.819873593295016,0.1618045107643635,-0.019359597225791895,-17.477298891597165,0.1875464372253654,11.48951278106182,0,10,0.11076996134167912,1.6323271560696504,-0.0021602205513568196,0.011252241410887622
5,leverage,0.0,ComponentLAD,0.0402086083364612,0.0,6.73633887141249,0.0,0.0,0.0,0.0,0.0,0,10,0.0402086083364612,6.73633887141249,-0.0010071247659065924,0.28894470638113107
5,leverage,0.0,ComponentRBF_SVR,0.0902149730028418,0.0,1.5897189355646797,0.0,0.0,0.0,0.0,0.0,0,10,0.0902149730028418,1.5897189355646797,0.0005535130158583228,0.00042613610036144835
5,leverage,0.0,ComponentRidge,0.0849378925279298,0.0,1.6553858104793782,0.0,0.0,0.0,0.0,0.0,0,10,0.0849378925279298,1.6553858104793782,-0.003012313749101882,-0.007027580351721479
5,leverage,0.0,FLADSVR,0.0947633658992355,0.0,1.6274722736072902,0.0,0.0,0.0,0.0,0.0,0,10,0.0947633658992355,1.6274722736072902,-0.0064411051657549435,0.017442575001462204
5,leverage,0.0,FLADTSVR,0.0944348661352405,0.0,1.627660513404028,0.0,0.0,0.0,0.0,0.0,0,10,0.0944348661352405,1.627660513404028,-0.008394782453394064,0.01447339268716845
5,leverage,0.0,FuzzyMean,0.0939020195857506,0.0,1.6266145824994935,0.0,0.0,0.0,0.0,0.0,0,10,0.0939020195857506,1.6266145824994935,0.0,0.0
5,leverage,0.0,FuzzyMedian,0.2122810430825181,0.0,1.6817030058842135,0.0,0.0,0.0,0.0,0.0,0,10,0.2122810430825181,1.6817030058842135,0.0,0.0
5,leverage,0.0,FuzzyNW,0.0860989698548095,0.0,1.980070838656123,0.0,0.0,0.0,0.0,0.0,0,10,0.0860989698548095,1.980070838656123,0.0023051248978062963,-0.08621594903039423
5,leverage,0.0,HaoChiangFSVR,0.11076996134167912,0.0,1.6323271560696504,0.0,0.0,0.0,0.0,0.0,0,10,0.11076996134167912,1.6323271560696504,-0.003048712766022327,0.013124183672236847
5,leverage,0.05,ComponentLAD,0.02533484852247748,0.02387150386291398,7.975785118114477,1.7818593646344878,0.014873759813983738,36.991481250785256,1.2394462467019873,18.399404637464407,0,10,0.0402086083364612,6.73633887141249,-0.0010071247659065924,0.28894470638113107
5,leverage,0.05,ComponentRBF_SVR,0.09337787567689229,0.00133624499548263,1.5878030727785277,0.0041349389649411325,-0.00316290267405041,-3.505962002505734,-0.00191586278615188,-0.12051581844380248,0,10,0.0902149730028418,1.5897189355646797,0.0005535130158583228,0.00042613610036144835
5,leverage,0.05,ComponentRidge,0.09146377106401882,0.013547170848691076,1.6304065458066035,0.023925622149325417,-0.00652587853608898,-7.683118031146239,-0.02497926467277455,-1.5089693601723524,0,10,0.0849378925279298,1.6553858104793782,-0.003012313749101882,-0.007027580351721479
5,leverage,0.05,FLADSVR,0.11225676293084093,0.00414390879431916,1.6467277933369957,0.014982930638346138,-0.017493397031605358,-18.460084090097236,0.01925551972970558,1.1831550092724943,0,10,0.0947633658992355,1.6274722736072902,-0.0064411051657549435,0.017442575001462204
5,leverage,0.05,FLADTSVR,0.1053145399635056,0.003898274304819944,1.6493111319234477,0.013128541128524183,-0.01087967382826505,-11.520823053515295,0.021650618519419518,1.3301679521696004,0,10,0.0944348661352405,1.627660513404028,-0.008394782453394064,0.01447339268716845
5,leverage,0.05,FuzzyMean,0.0939020195857506,0.0,1.6266145824994935,0.0,0.0,0.0,0.0,0.0,0,10,0.0939020195857506,1.6266145824994935,0.0,0.0
5,leverage,0.05,FuzzyMedian,0.2122810430825181,0.0,1.6817030058842135,0.0,0.0,0.0,0.0,0.0,0,10,0.2122810430825181,1.6817030058842135,0.0,0.0
5,leverage,0.05,FuzzyNW,0.05999508003404306,0.01002010711501225,1.6984762677133411,0.02875973181797811,0.02610388982076639,30.31846939026791,-0.28159457094278195,-14.221439225573397,0,10,0.0860989698548095,1.980070838656123,0.0023051248978062963,-0.08621594903039423
5,leverage,0.05,HaoChiangFSVR,0.12090791971715686,0.004466113770728543,1.6563272221903742,0.007299707935833618,-0.010137958375477756,-9.152263170162517,0.024000066120723494,1.4702975461433434,0,10,0.11076996134167912,1.6323271560696504,-0.003048712766022327,0.013124183672236847
5,leverage,0.1,ComponentLAD,0.05359696134590865,0.026242208933358577,7.551887017670351,2.4724354631923666,-0.01338835300944741,-33.297230526894005,0.815548146257861,12.106697151458109,0,10,0.0402086083364612,6.73633887141249,-0.0010071247659065924,0.28894470638113107
5,leverage,0.1,ComponentRBF_SVR,0.08503913303232731,0.005517940671630391,1.5845406351744133,0.004916437165499831,0.00517583997051447,5.73722941794981,-0.0051783003902664,-0.3257368503588379,0,10,0.0902149730028418,1.5897189355646797,0.0005535130158583228,0.00042613610036144835
5,leverage,0.1,ComponentRidge,0.09206580682803148,0.011779231406671779,1.6310872066552604,0.02628641538737029,-0.007127914300101621,-8.391913300365681,-0.02429860382411764,-1.4678514017877877,0,10,0.0849378925279298,1.6553858104793782,-0.003012313749101882,-0.007027580351721479
5,leverage,0.1,FLADSVR,0.11175017528952691,0.014402100306505756,1.6702481072356696,0.026833787292748792,-0.01698680939029134,-17.925502359586837,0.04277583362837939,2.628360207548536,0,10,0.0947633658992355,1.6274722736072902,-0.0064411051657549435,0.017442575001462204
5,leverage,0.1,FLADTSVR,0.11975255610220248,0.017287842134303264,1.672148255678739,0.028057387362216926,-0.02531768996696195,-26.809684815674352,0.04448774227471094,2.7332322624004073,0,10,0.0944348661352405,1.627660513404028,-0.008394782453394064,0.01447339268716845
5,leverage,0.1,FuzzyMean,0.0939020195857506,0.0,1.6266145824994935,0.0,0.0,0.0,0.0,0.0,0,10,0.0939020195857506,1.6266145824994935,0.0,0.0
5,leverage,0.1,FuzzyMedian,0.2122810430825181,0.0,1.6817030058842135,0.0,0.0,0.0,0.0,0.0,0,10,0.2122810430825181,1.6817030058842135,0.0,0.0
5,leverage,0.1,FuzzyNW,0.07670660362614487,0.013294013372971978,1.654793748539807,0.03779420043923972,0.0093923662286646,10.908802096590888,-0.3252770901163159,-16.427548134443615,0,10,0.0860989698548095,1.980070838656123,0.0023051248978062963,-0.08621594903039423
5,leverage,0.1,HaoChiangFSVR,0.11226018683919084,0.013756915826009089,1.670548639134708,0.013662635707083,-0.0014902254975117143,-1.3453335899567482,0.03822148306505724,2.341533247360025,0,10,0.11076996134167912,1.6323271560696504,-0.003048712766022327,0.013124183672236847
5,leverage,0.2,ComponentLAD,0.04900758951762994,0.0175485855161551,6.736523353368925,2.4801375560555083,-0.00879898118116869,-21.883326842699397,0.00018448195643538945,0.0027386086115448903,0,10,0.0402086083364612,6.73633887141249,-0.0010071247659065924,0.28894470638113107
5,leverage,0.2,ComponentRBF_SVR,0.08536094199227487,0.00784417396251591,1.5946786835337794,0.028145377890215928,0.00485403101056694,5.380515948737301,0.00495974796909979,0.31198898485398185,0,10,0.0902149730028418,1.5897189355646797,0.0005535130158583228,0.00042613610036144835
5,leverage,0.2,ComponentRidge,0.09982048561738435,0.012042235395205539,1.6188531895065477,0.018359282402101402,-0.01488259308945448,-17.521735760703887,-0.0365326209728305,-2.206894655104673,0,10,0.0849378925279298,1.6553858104793782,-0.003012313749101882,-0.007027580351721479
5,leverage,0.2,FLADSVR,0.1237196301818222,0.017105033713117418,1.6930468287147682,0.07225854064226662,-0.02895626428258663,-30.55639065562176,0.06557455510747795,4.029227174613061,0,10,0.0947633658992355,1.6274722736072902,-0.0064411051657549435,0.017442575001462204
5,leverage,0.2,FLADTSVR,0.13387066101391118,0.017488457691850333,1.6752241920504622,0.05613899144568723,-0.03943579487867062,-41.75978268682512,0.04756367864643449,2.922211250733215,0,10,0.0944348661352405,1.627660513404028,-0.008394782453394064,0.01447339268716845
5,leverage,0.2,FuzzyMean,0.0939020195857506,0.0,1.6266145824994935,0.0,0.0,0.0,0.0,0.0,0,10,0.0939020195857506,1.6266145824994935,0.0,0.0
5,leverage,0.2,FuzzyMedian,0.2122810430825181,0.0,1.6817030058842135,0.0,0.0,0.0,0.0,0.0,0,10,0.2122810430825181,1.6817030058842135,0.0,0.0
5,leverage,0.2,FuzzyNW,0.07910347838427732,0.009228376712864849,1.653302469664402,0.04093162310931097,0.006995491470532106,8.124942124544315,-0.32676836899172107,-16.50286255483159,0,10,0.0860989698548095,1.980070838656123,0.0023051248978062963,-0.08621594903039423
5,leverage,0.2,HaoChiangFSVR,0.12891544104255195,0.0224785385867586,1.6832732371136931,0.041075786587975484,-0.01814547970087284,-16.38122779956708,0.05094608104404239,3.1210704823848774,0,10,0.11076996134167912,1.6323271560696504,-0.003048712766022327,0.013124183672236847
5,leverage,0.3,ComponentLAD,0.037544371592068325,0.03323208692316828,10.052095569033462,10.06527663001308,0.00266423674439291,6.626035703844484,3.315756697620972,49.221940298940424,0,10,0.0402086083364612,6.73633887141249,-0.0010071247659065924,0.28894470638113107
5,leverage,0.3,ComponentRBF_SVR,0.09345363198853059,0.009810130669141022,1.5980054750052606,0.04943832144161287,-0.003238658985688719,-3.589935104881903,0.008286539440580871,0.5212581453989805,0,10,0.0902149730028418,1.5897189355646797,0.0005535130158583228,0.00042613610036144835
5,leverage,0.3,ComponentRidge,0.09820123134481709,0.013325249214646843,1.6493266157995605,0.02439230560469712,-0.01326333881688728,-15.61533777462861,-0.00605919467981756,-0.3660291541379654,0,10,0.0849378925279298,1.6553858104793782,-0.003012313749101882,-0.007027580351721479
5,leverage,0.3,FLADSVR,0.12269932953211884,0.020162499402822994,1.7617553932493037,0.0331843495022253,-0.02793596363288326,-29.4797080789515,0.13428311964201353,8.251023493283558,0,10,0.0947633658992355,1.6274722736072902,-0.0064411051657549435,0.017442575001462204
5,leverage,0.3,FLADTSVR,0.13460271666707263,0.02068055736945809,1.733618777923042,0.047045151388768025,-0.04016785053183208,-42.534979055625044,0.10595826451901413,6.509850404702455,0,10,0.0944348661352405,1.627660513404028,-0.008394782453394064,0.01447339268716845
5,leverage,0.3,FuzzyMean,0.0939020195857506,0.0,1.6266145824994935,0.0,0.0,0.0,0.0,0.0,0,10,0.0939020195857506,1.6266145824994935,0.0,0.0
5,leverage,0.3,FuzzyMedian,0.2122810430825181,0.0,1.6817030058842135,0.0,0.0,0.0,0.0,0.0,0,10,0.2122810430825181,1.6817030058842135,0.0,0.0
5,leverage,0.3,FuzzyNW,0.09417989400351108,0.030145445687511967,1.6787988021489366,0.05127913321083775,-0.008080924148701579,-9.385622339417804,-0.30127203650718654,-15.215215063298462,0,10,0.0860989698548095,1.980070838656123,0.0023051248978062963,-0.08621594903039423
5,leverage,0.3,HaoChiangFSVR,0.12307996063863465,0.023315629444641994,1.7115863767079933,0.05266308629413706,-0.012309999296955539,-11.113120513768465,0.07925922063834283,4.8555965232597575,0,10,0.11076996134167912,1.6323271560696504,-0.003048712766022327,0.013124183672236847
5,response_center,0.0,ComponentLAD,0.0402086083364612,0.0,6.73633887141249,0.0,0.0,0.0,0.0,0.0,0,10,0.0402086083364612,6.73633887141249,0.004467799200904002,2.372706666674098
5,response_center,0.0,ComponentRBF_SVR,0.0902149730028418,0.0,1.5897189355646797,0.0,0.0,0.0,0.0,0.0,0,10,0.0902149730028418,1.5897189355646797,-0.00942380344941875,0.11149609861738283
5,response_center,0.0,ComponentRidge,0.0849378925279298,0.0,1.6553858104793782,0.0,0.0,0.0,0.0,0.0,0,10,0.0849378925279298,1.6553858104793782,-0.00782560882347231,0.13250285344207696
5,response_center,0.0,FLADSVR,0.0947633658992355,0.0,1.6274722736072902,0.0,0.0,0.0,0.0,0.0,0,10,0.0947633658992355,1.6274722736072902,-0.0061790011018218695,0.055776911879612034
5,response_center,0.0,FLADTSVR,0.0944348661352405,0.0,1.627660513404028,0.0,0.0,0.0,0.0,0.0,0,10,0.0944348661352405,1.627660513404028,-0.004983917558614164,0.06484790454870867
5,response_center,0.0,FuzzyMean,0.0939020195857506,0.0,1.6266145824994935,0.0,0.0,0.0,0.0,0.0,0,10,0.0939020195857506,1.6266145824994935,-0.005319452905230982,0.06514695376926002
5,response_center,0.0,FuzzyMedian,0.2122810430825181,0.0,1.6817030058842135,0.0,0.0,0.0,0.0,0.0,0,10,0.2122810430825181,1.6817030058842135,0.0017404124041778305,0.01170391256306547
5,response_center,0.0,FuzzyNW,0.0860989698548095,0.0,1.980070838656123,0.0,0.0,0.0,0.0,0.0,0,10,0.0860989698548095,1.980070838656123,0.0014795332158992244,0.3320124199414851
5,response_center,0.0,HaoChiangFSVR,0.11076996134167912,0.0,1.6323271560696504,0.0,0.0,0.0,0.0,0.0,0,10,0.11076996134167912,1.6323271560696504,-0.0023995477951769145,0.07288181849881004
5,response_center,0.05,ComponentLAD,0.02190330571989952,0.015386684405475248,11.34101710864466,3.001044493420675,0.018305302616561662,45.5258298506253,4.604678237232172,68.35579867832055,0,10,0.0402086083364612,6.73633887141249,0.004467799200904002,2.372706666674098
5,response_center,0.05,ComponentRBF_SVR,0.15723207349826276,0.05974260698891918,1.662707784359419,0.1311330003992726,-0.0670171004954209,-74.28600626340577,0.07298884879473942,4.591305240307355,0,10,0.0902149730028418,1.5897189355646797,-0.00942380344941875,0.11149609861738283
5,response_center,0.05,ComponentRidge,0.11374713031634176,0.03419347466948209,1.7966196450983805,0.20955565723125447,-0.02880923778841187,-33.91800400385337,0.14123383461900216,8.53177753034519,0,10,0.0849378925279298,1.6553858104793782,-0.00782560882347231,0.13250285344207696
5,response_center,0.05,FLADSVR,0.15637345424641702,0.059679453995463434,1.6487357642372047,0.12305478676838243,-0.06161008834718144,-65.01466865654933,0.02126349062991449,1.3065347394695705,0,10,0.0947633658992355,1.6274722736072902,-0.0061790011018218695,0.055776911879612034
5,response_center,0.05,FLADTSVR,0.15971359241266386,0.05963979698791859,1.6693881050239234,0.11445934876626299,-0.06527872627742332,-69.12566189688607,0.041727591619895546,2.563654476855743,0,10,0.0944348661352405,1.627660513404028,-0.004983917558614164,0.06484790454870867
5,response_center,0.05,FuzzyMean,0.15983815635766688,0.05975054464634703,1.6699586902732435,0.11491684568936068,-0.06593613677191618,-70.21801774103885,0.043344107773749946,2.664682109707045,0,10,0.0939020195857506,1.6266145824994935,-0.005319452905230982,0.06514695376926002
5,response_center,0.05,FuzzyMedian,0.23095653446752706,0.02824183534436948,1.669016706510141,0.04093671796595676,-0.01867549138500901,-8.797531382842063,-0.012686299374072719,-0.7543721649829893,0,10,0.2122810430825181,1.6817030058842135,0.0017404124041778305,0.01170391256306547
5,response_center,0.05,FuzzyNW,0.08374849415861033,0.01633757140911711,2.647006910150246,0.5474843126599349,0.0023504756961991095,2.7299695921598124,0.666936071494123,33.6824349146404,0,10,0.0860989698548095,1.980070838656123,0.0014795332158992244,0.3320124199414851
5,response_center,0.05,HaoChiangFSVR,0.15562525130456084,0.05574982904281205,1.6854564059190278,0.12774323551636269,-0.044855289962881725,-40.494091917683235,0.05312924984937706,3.2548162696320455,0,10,0.11076996134167912,1.6323271560696504,-0.0023995477951769145,0.07288181849881004
5,response_center,0.1,ComponentLAD,0.02520886115670449,0.02295223404635449,13.7818086945128,3.5674327270433426,0.01499974717975669,37.304815561484936,7.045469823100314,104.58900535719344,0,10,0.0402086083364612,6.73633887141249,0.004467799200904002,2.372706666674098
5,response_center,0.1,ComponentRBF_SVR,0.1152799186512294,0.029882743465964475,1.8705293415273943,0.24372364001179359,-0.02506494564838757,-27.78357606735414,0.28081040596271467,17.6641543156161,0,10,0.0902149730028418,1.5897189355646797,-0.00942380344941875,0.11149609861738283
5,response_center,0.1,ComponentRidge,0.1305595756555278,0.030184466263422752,1.937868997236512,0.22142386890084081,-0.04562168312759797,-53.71181432668152,0.28248318675713385,17.06449245661532,0,10,0.0849378925279298,1.6553858104793782,-0.00782560882347231,0.13250285344207696
5,response_center,0.1,FLADSVR,0.10445315108498295,0.024008841344286908,1.802208934006655,0.1750930198948865,-0.00968978518574742,-10.22524378888234,0.17473666039936467,10.736690463675988,0,10,0.0947633658992355,1.6274722736072902,-0.0061790011018218695,0.055776911879612034
5,response_center,0.1,FLADTSVR,0.10005604958104401,0.021949119025469137,1.8370912215223374,0.16895055768492706,-0.00562118344580351,-5.952444976999693,0.2094307081183094,12.86697725930046,0,10,0.0944348661352405,1.627660513404028,-0.004983917558614164,0.06484790454870867
5,response_center,0.1,FuzzyMean,0.10063146141818421,0.022995726111181766,1.8384876603832403,0.1700268062609194,-0.006729441832433569,-7.166450585536433,0.21187307788374668,13.025401355874829,0,10,0.0939020195857506,1.6266145824994935,-0.005319452905230982,0.06514695376926002
5,response_center,0.1,FuzzyMedian,0.22202259346018413,0.03647107169740111,1.6954452717006194,0.06316055966971144,-0.0097415503776661,-4.5889874273320475,0.013742265816405941,0.8171636590005644,0,10,0.2122810430825181,1.6817030058842135,0.0017404124041778305,0.01170391256306547
5,response_center,0.1,FuzzyNW,0.08815086462498181,0.03269030078406842,2.9496772855099005,0.502942524771297,-0.00205189477017234,-2.38318155679735,0.9696064468537772,48.96827062570401,0,10,0.0860989698548095,1.980070838656123,0.0014795332158992244,0.3320124199414851
5,response_center,0.1,HaoChiangFSVR,0.10570716964454474,0.029469318639627203,1.8675559003640303,0.1899734406276285,0.005062791697134379,4.570545692904757,0.2352287442943796,14.410637194860374,0,10,0.11076996134167912,1.6323271560696504,-0.0023995477951769145,0.07288181849881004
5,response_center,0.2,ComponentLAD,0.0273725395630273,0.021199148942769787,16.485499131239415,4.72944375720971,0.01283606877343392,31.92368327205734,9.749160259826926,144.72490838013172,0,10,0.0402086083364612,6.73633887141249,0.004467799200904002,2.372706666674098
5,response_center,0.2,ComponentRBF_SVR,0.1278038542579803,0.06926983920438501,1.99230194630013,0.35028499459074386,-0.03758888125513847,-41.665900907551546,0.4025830107354502,25.324162764183836,0,10,0.0902149730028418,1.5897189355646797,-0.00942380344941875,0.11149609861738283
5,response_center,0.2,ComponentRidge,0.10904820698424222,0.051730309804085134,2.121103448376206,0.3048002138976642,-0.02411031445631238,-28.385816669967728,0.46571763789682785,28.133480119777165,0,10,0.0849378925279298,1.6553858104793782,-0.00782560882347231,0.13250285344207696
5,response_center,0.2,FLADSVR,0.10409335853819027,0.05142939324850789,1.797645974174528,0.1989703792908387,-0.00932999263895474,-9.84556906608358,0.17017370056723774,10.456319491701569,0,10,0.0947633658992355,1.6274722736072902,-0.0061790011018218695,0.055776911879612034
5,response_center,0.2,FLADTSVR,0.09607249557462784,0.05297275802891956,1.844589867441598,0.2071208933945162,-0.0016376294393873794,-1.7341364544765625,0.2169293540375697,13.327678115376267,0,10,0.0944348661352405,1.627660513404028,-0.004983917558614164,0.06484790454870867
5,response_center,0.2,FuzzyMean,0.09689065520484035,0.0547846590461577,1.8438385582279022,0.20825323456485484,-0.0029886356190897087,-3.182717083481369,0.2172239757284084,13.354360526795295,0,10,0.0939020195857506,1.6266145824994935,-0.005319452905230982,0.06514695376926002
5,response_center,0.2,FuzzyMedian,0.1972245230858775,0.03269209548694474,1.7334997366520803,0.12518281310488866,0.015056519996640538,7.092729420397551,0.05179673076786662,3.0800165419596586,0,10,0.2122810430825181,1.6817030058842135,0.0017404124041778305,0.01170391256306547
5,response_center,0.2,FuzzyNW,0.08768779890496489,0.03023082722034484,3.2391975817158913,0.6993338931565783,-0.0015888290501554307,-1.8453519860164296,1.2591267430597683,63.58998468531255,0,10,0.0860989698548095,1.980070838656123,0.0014795332158992244,0.3320124199414851
5,response_center,0.2,HaoChiangFSVR,0.1060012742736608,0.06616069794946046,1.8774663074077864,0.22473347632207377,0.004768687068018329,4.305036320549864,0.24513915133813563,15.017770820427108,0,10,0.11076996134167912,1.6323271560696504,-0.0023995477951769145,0.07288181849881004
5,response_center,0.3,ComponentLAD,0.01732968525144567,0.01248438202588164,19.519268713357963,4.8777961287917915,0.02287892308501552,56.90055943634563,12.782929841945474,189.7607897398594,0,10,0.0402086083364612,6.73633887141249,0.004467799200904002,2.372706666674098
5,response_center,0.3,ComponentRBF_SVR,0.09889876051293765,0.030925496775094,2.520270428702625,0.6102942834872981,-0.00868378751009582,-9.625661041679054,0.930551493137945,58.53559848347699,0,10,0.0902149730028418,1.5897189355646797,-0.00942380344941875,0.11149609861738283
5,response_center,0.3,ComponentRidge,0.09598767760494245,0.03576600206123459,2.8090489887725587,0.44871743622589705,-0.011049785077012621,-13.009252699999786,1.1536631782931805,69.6914985612384,0,10,0.0849378925279298,1.6553858104793782,-0.00782560882347231,0.13250285344207696
5,response_center,0.3,FLADSVR,0.12353863653196091,0.04791787604869588,2.119294628836094,0.42029547667227907,-0.028775270632725346,-30.36539527661236,0.49182235522880396,30.220014387015045,0,10,0.0947633658992355,1.6274722736072902,-0.0061790011018218695,0.055776911879612034
5,response_center,0.3,FLADTSVR,0.11712745698262042,0.04069174369378771,2.134886242505703,0.41215273492404325,-0.022692590847379932,-24.02988618089612,0.5072257291016746,31.162869955042517,0,10,0.0944348661352405,1.627660513404028,-0.004983917558614164,0.06484790454870867
5,response_center,0.3,FuzzyMean,0.11828350693162434,0.042497224351550324,2.133951981828507,0.41064275933953104,-0.0243814873458737,-25.964816788214755,0.5073373993290138,31.189773212866896,0,10,0.0939020195857506,1.6266145824994935,-0.005319452905230982,0.06514695376926002
5,response_center,0.3,FuzzyMedian,0.17429801804073436,0.04851504579121092,1.8042606962592536,0.13649721175041227,0.037983025041783705,17.892801208357987,0.12255769037503998,7.287713106667193,0,10,0.2122810430825181,1.6817030058842135,0.0017404124041778305,0.01170391256306547
5,response_center,0.3,FuzzyNW,0.05260328097745466,0.024433788090974594,3.9807200095915007,0.8018081409684402,0.033495688877354754,38.903704578393075,2.000649170935378,101.03927252891728,0,10,0.0860989698548095,1.980070838656123,0.0014795332158992244,0.3320124199414851
5,response_center,0.3,HaoChiangFSVR,0.1310371889640739,0.05258800579618482,2.193712857078634,0.4552324424309813,-0.020267227622394794,-18.296682039888825,0.5613857010089833,34.39173935944917,0,10,0.11076996134167912,1.6323271560696504,-0.0023995477951769145,0.07288181849881004
