example,type,method,msm_relative_degradation_percent,rmse_relative_degradation_percent,msm_degradation_auc,rmse_degradation_auc
1,fuzzy_spread,ComponentLAD,-2.942601325918769,0.757799813851677,-0.0013950977526148,0.0111411109298881
1,fuzzy_spread,ComponentRBF_SVR,4.688627432337798,23.00344226573506,0.0026792793238691,0.1033139129483459
1,fuzzy_spread,ComponentRidge,-4.560910296401788,9.897885497819136,-0.0019476058200903,0.1200668919128711
1,fuzzy_spread,FLADSVR,2.847976639142615,33.84267885318063,0.0018074828869244,0.1425745530789631
1,fuzzy_spread,FLADTSVR,10.794175083994316,85.19655621404326,0.0036414667163599,0.6570521878189363
1,fuzzy_spread,FuzzyMean,-4.680059113944234,2.299213867538941,-0.0014715920904663,0.0469267489843741
1,fuzzy_spread,FuzzyMedian,-0.0916252267580805,0.0573433665138968,-0.0001931605716636,0.0003957996369603
1,fuzzy_spread,FuzzyNW,6.999957030404896,77.05539177848368,0.0028027013201109,0.4620339093463765
1,fuzzy_spread,HaoChiangFSVR,29.13778180112756,176.25204394425472,0.0227228142128109,2.282300401238213
1,leverage,ComponentLAD,33.73702796050442,51.911249125878896,0.018921686437355,1.11594070241355
1,leverage,ComponentRBF_SVR,61.06065482568663,119.81901561475529,0.0634331003602111,1.1816317744718454
1,leverage,ComponentRidge,31.456653120674723,58.72797481093819,0.0163148037306703,1.3207975991068173
1,leverage,FLADSVR,57.886789752408525,120.59370555102046,0.0473714503838604,1.1484506503673084
1,leverage,FLADTSVR,38.002421530537205,59.17048627335256,0.019535534171077,0.4706718633253278
1,leverage,FuzzyMean,0.0,0.0,0.0,0.0
1,leverage,FuzzyMedian,0.0,0.0,0.0,0.0
1,leverage,FuzzyNW,68.50279816389421,113.70706193158068,0.0657129544993815,0.9251896114692686
1,leverage,HaoChiangFSVR,37.16983352556884,79.09962581166313,0.0235976411477491,0.9372603902769427
1,response_center,ComponentLAD,1.179913012659237,9.51637883853505,-0.0040681289152164,0.0488809828279816
1,response_center,ComponentRBF_SVR,18.49328452225854,191.5079472203061,0.0121651125960065,0.6980796562360367
1,response_center,ComponentRidge,47.52187706078905,114.0461094841128,0.0248455092410086,1.6201314300270648
1,response_center,FLADSVR,12.25891600209448,342.2139667902646,0.0045185702014318,1.466025295375749
1,response_center,FLADTSVR,74.57999251585315,612.3986274842354,0.0574380100081299,6.160093232246967
1,response_center,FuzzyMean,35.515229755177515,34.74136727021003,0.0090307427240798,0.6214690180998496
1,response_center,FuzzyMedian,14.595393615263266,2.467391111024585,0.0047273456752578,0.0473104037655235
1,response_center,FuzzyNW,72.78572101980532,616.3803522843276,0.0578190876535095,4.766195485171709
1,response_center,HaoChiangFSVR,89.3003675918663,647.547570069585,0.0704598839454732,8.153423270245735
4,fuzzy_spread,ComponentLAD,1.6628189356459426,1.7712422358527342,0.000923071862689,0.0044267513682552
4,fuzzy_spread,ComponentRBF_SVR,-0.0279510267753675,1.1976833842976766,-0.0001886203206948,0.0019730021268357
4,fuzzy_spread,ComponentRidge,3.159450088851812,18.233087847738467,0.0007630116598916,0.039267972530577
4,fuzzy_spread,FLADSVR,0.0424768263603003,1.3675747872461872,-0.0004843190948935,0.0028039604103324
4,fuzzy_spread,FLADTSVR,6.309958954053341,36.74416410288912,0.0023504857764424,0.0611103356985496
4,fuzzy_spread,FuzzyMean,-0.3479901232845736,5.230956685783065,-0.0007889294404509,0.0180197328687122
4,fuzzy_spread,FuzzyMedian,3.6428444316980526,0.8286199944191155,0.001810833707735,0.0049013121832357
4,fuzzy_spread,FuzzyNW,4.714949831956664,25.73002572176126,0.0027089869742629,0.0588846144495725
4,fuzzy_spread,HaoChiangFSVR,51.56256654824905,204.7353536163697,0.0286443252116395,2.7068105906262963
4,leverage,ComponentLAD,26.03512308296236,55.54391492975724,0.0182741124310962,0.2002673990270244
4,leverage,ComponentRBF_SVR,9.55454895379622,13.017759129817236,0.0067406300083417,0.0173622886124378
4,leverage,ComponentRidge,22.74595253817532,52.53311821234493,0.0197089127673196,0.2186783328349916
4,leverage,FLADSVR,8.730920499514657,17.028312775911708,0.0054904593766119,0.0251867195222386
4,leverage,FLADTSVR,7.522469676156544,6.255634859099375,0.0055326817571862,0.0086689922452253
4,leverage,FuzzyMean,0.0,0.0,0.0,0.0
4,leverage,FuzzyMedian,0.0,0.0,0.0,0.0
4,leverage,FuzzyNW,7.703206714636823,17.63182339723772,0.0043477951676014,0.0541513621966044
4,leverage,HaoChiangFSVR,-1.3407891508468033,4.032541312606292,-0.0006714064351956,0.058590740839014
4,response_center,ComponentLAD,0.0386338530615425,-0.0899876687712245,-4.327001593506328e-05,-0.0004043274136614
4,response_center,ComponentRBF_SVR,5.164073082604037,1.9393351256133649,0.0030029972466695,0.0060846127653804
4,response_center,ComponentRidge,8.29207696858512,6.150209390954597,0.0046868654957229,0.0145200704050904
4,response_center,FLADSVR,2.8669247052556286,1.1489424183342796,0.0009968143034669,0.0034856827089737
4,response_center,FLADTSVR,57.310481019760445,73.71692903597912,0.0235362698992664,0.1173084614566096
4,response_center,FuzzyMean,4.950264829103338,0.8709089960968519,0.0023865688136707,0.0038141284428383
4,response_center,FuzzyMedian,1.5862394375355142,-0.1380585440659219,0.0005580130344803,2.2832612737534e-05
4,response_center,FuzzyNW,22.43367700828146,17.79241976723977,0.0194144261167761,0.0568843761103709
4,response_center,HaoChiangFSVR,30.821000594228696,62.14499902505727,0.0238319950756473,1.1389158840471714
5,fuzzy_spread,ComponentLAD,-10.066865364064729,11.029470448749384,-7.27719305888385e-05,0.1108737879488721
5,fuzzy_spread,ComponentRBF_SVR,-20.094925830292432,2.429737341687959,-0.0028537988523508,0.0055969692155622
5,fuzzy_spread,ComponentRidge,-9.900031355044302,4.620386336288187,-0.002171102320369,0.0105094873365262
5,fuzzy_spread,FLADSVR,-20.855077733284915,2.1950515442081877,-0.0031733542244882,0.0052938514826663
5,fuzzy_spread,FLADTSVR,-23.36633321866457,2.7294831012318648,-0.0035492863726637,0.0061934809884823
5,fuzzy_spread,FuzzyMean,-23.81251696534256,2.7385338066654348,-0.0035904123822742,0.0062342360293917
5,fuzzy_spread,FuzzyMedian,3.536458089808247,-0.0878582562818047,0.000671595195193,-0.0008645831673789
5,fuzzy_spread,FuzzyNW,-19.576827268479207,6.726021142192654,-0.0028227846484185,0.0227473879732207
5,fuzzy_spread,HaoChiangFSVR,-17.477298891597165,11.48951278106182,-0.0021602205513568,0.0112522414108876
5,leverage,ComponentLAD,6.626035703844484,49.22194029894042,-0.0010071247659065,0.288944706381131
5,leverage,ComponentRBF_SVR,-3.589935104881903,0.5212581453989805,0.0005535130158583,0.0004261361003614
5,leverage,ComponentRidge,-15.61533777462861,-0.3660291541379654,-0.0030123137491018,-0.0070275803517214
5,leverage,FLADSVR,-29.4797080789515,8.251023493283558,-0.0064411051657549,0.0174425750014622
5,leverage,FLADTSVR,-42.53497905562504,6.509850404702455,-0.008394782453394,0.0144733926871684
5,leverage,FuzzyMean,0.0,0.0,0.0,0.0
5,leverage,FuzzyMedian,0.0,0.0,0.0,0.0
5,leverage,FuzzyNW,-9.385622339417804,-15.215215063298462,0.0023051248978062,-0.0862159490303942
5,leverage,HaoChiangFSVR,-11.113120513768465,4.8555965232597575,-0.0030487127660223,0.0131241836722368
5,response_center,ComponentLAD,56.90055943634563,189.7607897398594,0.004467799200904,2.372706666674098
5,response_center,ComponentRBF_SVR,-9.625661041679054,58.53559848347699,-0.0094238034494187,0.1114960986173828
5,response_center,ComponentRidge,-13.009252699999786,69.6914985612384,-0.0078256088234723,0.1325028534420769
5,response_center,FLADSVR,-30.36539527661236,30.220014387015045,-0.0061790011018218,0.055776911879612
5,response_center,FLADTSVR,-24.02988618089612,31.16286995504252,-0.0049839175586141,0.0648479045487086
5,response_center,FuzzyMean,-25.964816788214755,31.189773212866896,-0.0053194529052309,0.06514695376926
5,response_center,FuzzyMedian,17.892801208357987,7.287713106667193,0.0017404124041778,0.0117039125630654
5,response_center,FuzzyNW,38.90370457839308,101.03927252891728,0.0014795332158992,0.3320124199414851
5,response_center,HaoChiangFSVR,-18.296682039888825,34.39173935944917,-0.0023995477951769,0.07288181849881
