example,method,varied,factor,msm,rmse,successful_predictions,failures,fit_failures,convergence_failures,mean_iterations,mean_final_objective,max_final_primal,max_final_dual,max_parameter_change
3,FLADSVR,mu,0.25,0.0874295377642387,1.5987721384703009,8,0,0,0,665.75,0.9501438531587184,0.0001014794547417,8.414079509994377e-05,0.000670139445093
3,FLADSVR,mu,0.5,0.0418353313800752,1.493726201989981,8,0,0,0,498.375,1.004202934993546,0.0001034918921473,0.0001714407086043,0.0004741921169422
3,FLADSVR,mu,1.0,0.0506365342893432,1.614119143757987,8,0,0,0,456.875,1.0637578120796467,0.0001035476637658,0.0001676796399366,0.0004902605625692
3,FLADSVR,mu,2.0,0.0015978187888378,2.0551350783685347,8,0,0,0,421.0,1.1221313221782432,0.0001041115679907,0.0002347447245385,0.0004865765477992
3,FLADSVR,mu,4.0,0.0017231985505853,2.109124909382808,8,0,0,0,318.75,1.1852876433634487,0.0001036240211994,0.000230967323257,0.0004986246536862
3,FLADTSVR,epsilon1,0.25,0.0413946660302958,2.356016040457889,8,0,0,0,94.0,1.374570758757789,9.47296279334619e-05,7.162002816189401e-05,0.0007386362647214
3,FLADTSVR,epsilon2,0.25,0.0522537523247133,2.3260864629174978,8,0,0,0,91.375,1.5230813493575424,0.0001177509556201,7.295617606705049e-05,0.0009412023588143
3,FLADTSVR,joint,0.25,0.0966438869225612,2.249421258401891,8,0,0,0,95.25,1.1457210233979027,0.0001001310820189,7.295617606705049e-05,0.0007386362647214
3,FLADTSVR,epsilon1,0.5,0.0560685937361514,2.35912460965537,8,0,0,0,92.625,1.5003617939886826,0.0001014584851693,7.162002816189401e-05,0.0007901417905204
3,FLADTSVR,epsilon2,0.5,0.0732898474053694,2.344579917434188,8,0,0,0,91.125,1.5993501481447905,0.0001177509556201,6.234187830325381e-05,0.0009412023588143
3,FLADTSVR,joint,0.5,0.0965339280732701,2.292669449620179,8,0,0,0,93.625,1.3477808574160446,0.0001027406000147,6.234187830325381e-05,0.0007901417905204
3,FLADTSVR,epsilon1,1.0,0.0964056630321561,2.3937143288026377,8,0,0,0,90.125,1.7519310847174283,0.0001177509556201,7.162002816189401e-05,0.0009412023588143
3,FLADTSVR,epsilon2,1.0,0.0964056630321561,2.3937143288026377,8,0,0,0,90.125,1.7519310847174283,0.0001177509556201,7.162002816189401e-05,0.0009412023588143
3,FLADTSVR,joint,1.0,0.0964056630321561,2.3937143288026377,8,0,0,0,90.125,1.7519310847174283,0.0001177509556201,7.162002816189401e-05,0.0009412023588143
3,FLADTSVR,epsilon1,2.0,0.0725038389085424,2.566013845979759,8,0,0,0,89.875,2.2550834227916856,0.0001261191445611,7.162002816189401e-05,0.0017156908353282
3,FLADTSVR,epsilon2,2.0,0.0295236991838317,2.5368313608880464,8,0,0,0,88.75,2.057133616699342,0.0001177509556201,7.28133384832773e-05,0.0009412023588143
3,FLADTSVR,joint,2.0,0.1082172948456094,2.6437688846812697,8,0,0,0,88.5,2.560285954773599,0.0001261191445611,7.28133384832773e-05,0.0017156908353282
3,FLADTSVR,epsilon1,4.0,0.0366382030705928,3.2311482647188514,8,0,0,0,89.5,3.2613983668015423,0.0002024901241279,7.162002816189401e-05,0.003945447732686
3,FLADTSVR,epsilon2,4.0,0.0143020086045854,2.967681814911152,8,0,0,0,88.5,2.66761554801655,0.0002136266364438,5.750565126780726e-05,0.00094294254299
3,FLADTSVR,joint,4.0,0.1396784449229659,3.284421247304488,8,0,0,0,86.5,4.177082830100664,0.0002136266364438,5.750565126780726e-05,0.003945447732686
1,FLADSVR,mu,0.25,0.451880079118594,4.645325092237687,30,0,0,1,2550.6,3.598114369322056,0.0016401265363651,0.0001365358073168,0.0082006326817735
1,FLADSVR,mu,0.5,0.4328901673577441,4.653292396831955,30,0,0,2,2859.8,3.8000518216819854,0.0005624112959637,0.0003767209036702,0.0028120564798474
1,FLADSVR,mu,1.0,0.4161901574666729,4.6576701559546585,30,0,0,0,1219.4,4.061765991846523,0.0001539980953768,0.0004674891068006,0.0007699915373463
1,FLADSVR,mu,2.0,0.3822849757778338,4.887085948024146,30,0,0,0,707.6,4.417810263979557,0.0001479845430518,0.0004376334286157,0.0007451894994066
1,FLADSVR,mu,4.0,0.3583397632191748,6.399861845319812,30,0,0,0,157.0,4.842072872426518,0.0001465337625954,0.0004652547767009,0.000671179549655
1,FLADTSVR,epsilon1,0.25,0.3896498041759083,5.633149398988592,30,0,0,0,482.6,6.607025852065189,0.0002017167010237,0.0001249237536154,0.0006992350976769
1,FLADTSVR,epsilon2,0.25,0.4033259625050903,5.25393121060719,30,0,0,0,388.0,6.597893708431992,0.0002031010035332,0.0001261731351384,0.0006722857442395
1,FLADTSVR,joint,0.25,0.405718627492395,5.376432753542148,30,0,0,0,445.6,5.740139339223129,0.0001956543025454,0.0001249241605271,0.0006204396115375
1,FLADTSVR,epsilon1,0.5,0.3985267569172119,5.504231381336706,30,0,0,0,522.0,6.890412777732097,0.0002081829932065,0.000130081751883,0.0006992350976769
1,FLADTSVR,epsilon2,0.5,0.4096611935357332,5.259029089604696,30,0,0,0,497.0,6.885225351927391,0.0002031010035332,0.0001261731351384,0.0006722857442395
1,FLADTSVR,joint,0.5,0.4078616646247412,5.351567599291872,30,0,0,0,613.2,6.310857908385435,0.0002081829932065,0.000130081751883,0.000645059112148
1,FLADTSVR,epsilon1,1.0,0.4120486295852318,5.330192323636462,30,0,0,0,429.2,7.464780221274052,0.0002031010035332,0.0001261731351384,0.0006992350976769
1,FLADTSVR,epsilon2,1.0,0.4120486295852318,5.330192323636462,30,0,0,0,429.2,7.464780221274052,0.0002031010035332,0.0001261731351384,0.0006992350976769
1,FLADTSVR,joint,1.0,0.4120486295852318,5.330192323636462,30,0,0,0,429.2,7.464780221274052,0.0002031010035332,0.0001261731351384,0.0006992350976769
1,FLADTSVR,epsilon1,2.0,0.3975537765162592,5.258799242071854,30,0,0,0,491.0,8.629668631156235,0.0002541717775852,0.0001422788124286,0.0007358084108574
1,FLADTSVR,epsilon2,2.0,0.3947718577693495,5.710525738238281,30,0,0,0,366.4,8.64378985211101,0.0002245437250475,0.0001261731351384,0.000847851313537
1,FLADTSVR,joint,2.0,0.4245492274528269,5.273283413480825,30,0,0,0,414.6,9.80867826199319,0.0002541717775852,0.0001422788124286,0.000847851313537
1,FLADTSVR,epsilon1,4.0,0.2840061845525031,6.387487171894364,30,0,0,0,500.6,10.999293794699394,0.0002396134067871,0.0001422789963848,0.0006995968917343
1,FLADTSVR,epsilon2,4.0,0.2831895812710397,7.36613627762522,30,0,0,0,366.2,11.021282470966174,0.0002366454625663,0.0001330530482075,0.0006722857442395
1,FLADTSVR,joint,4.0,0.4270645751932492,5.303560119748772,30,0,0,0,425.6,14.555796044391514,0.0002396134067871,0.0001422789963848,0.0006995968917343
4,FLADSVR,mu,0.25,0.4598111437254002,1.939457446792278,184,0,0,1,3609.0,31.66362758939035,0.0005617538858711,0.0002750105358409,0.0026263672303791
4,FLADSVR,mu,0.5,0.4603210538721017,1.933206740791241,184,0,0,1,2965.2,32.13149886562081,0.0005612449506776,0.0008891078387678,0.0025972272134439
4,FLADSVR,mu,1.0,0.4596378198635938,1.9317193649075863,184,0,0,0,1229.0,32.93079826157996,0.0005678394861138,0.0009555936215844,0.0027286529493272
4,FLADSVR,mu,2.0,0.4604705412328337,1.9357697953815385,184,0,0,0,586.0,34.301372596426894,0.0005402322207055,0.0011905723924764,0.0026336582699959
4,FLADSVR,mu,4.0,0.4611286382090033,1.945805239449767,184,0,0,0,304.2,36.55303629452392,0.0005691953783079,0.0011906028063019,0.0027224577241752
4,FLADTSVR,epsilon1,0.25,0.4690898165019818,2.010455457516582,184,0,0,0,2217.4,71.85468531311416,0.000683007352007,0.0003637621479556,0.0004796625722948
4,FLADTSVR,epsilon2,0.25,0.4541814916109751,2.032488189274602,184,0,0,1,2236.6,70.53767279560202,0.0006806468660528,0.0003322132865711,0.0002248436013398
4,FLADTSVR,joint,0.25,0.4653736385448014,2.0212084163126014,184,0,0,1,2263.2,66.66442271266786,0.000683007352007,0.0003637621479556,0.0002191184124328
4,FLADTSVR,epsilon1,0.5,0.4707049045705346,2.00679533900382,184,0,0,0,2528.0,73.09325971451644,0.0006706938623316,0.000362124590827,0.0004796625722948
4,FLADTSVR,epsilon2,0.5,0.4598781846569218,2.020694660506635,184,0,0,0,2587.0,72.19987525335758,0.0006806468660528,0.0003683783535916,0.0002248436013398
4,FLADTSVR,joint,0.5,0.4663688769435356,2.01343896076331,184,0,0,0,2705.0,69.5651995718257,0.0006616944147376,0.0003683783535916,0.0004425579188134
4,FLADTSVR,epsilon1,1.0,0.4656826232795526,2.007643101410429,184,0,0,0,2571.0,75.72793539604831,0.0006806468660528,0.000362124590827,0.0004796625722948
4,FLADTSVR,epsilon2,1.0,0.4656826232795526,2.007643101410429,184,0,0,0,2571.0,75.72793539604831,0.0006806468660528,0.000362124590827,0.0004796625722948
4,FLADTSVR,joint,1.0,0.4656826232795526,2.007643101410429,184,0,0,0,2571.0,75.72793539604831,0.0006806468660528,0.000362124590827,0.0004796625722948
4,FLADTSVR,epsilon1,2.0,0.4470251636556901,2.029590570247053,184,0,0,1,2406.4,81.48291061068352,0.0007680110518509,0.000362124590827,0.0004796625722948
4,FLADTSVR,epsilon2,2.0,0.4573442719272677,2.033511206558597,184,0,0,0,2231.8,83.31489266909011,0.0007924485704208,0.0003538029166667,0.0004627296307863
4,FLADTSVR,joint,2.0,0.4548164828962348,2.019962915369206,184,0,0,1,2015.0,89.06986788372532,0.0007924485704208,0.0003538029166667,0.0004627296307863
4,FLADTSVR,epsilon1,4.0,0.368214834282641,2.1525420655623315,184,0,0,0,2366.6,93.78275039014532,0.0009560227652132,0.0003892640435095,0.0004796625722948
4,FLADTSVR,epsilon2,4.0,0.4025290800512739,2.265054266979529,184,0,0,0,2248.4,99.40705884731248,0.0012674534810199,0.0003653683163556,0.0005157270694935
4,FLADTSVR,joint,4.0,0.4370020906701963,2.0929876871128115,184,0,0,0,2335.8,117.46187384140948,0.0012674534810199,0.0003892640435095,0.0005157270694935
